"item_num","product_name","description","category","score","buy_link","video_link","image_link","review_link"
1,"ATAX Multi-tool","It's an Ax, a knife, a skinner, a wire cutter, a range finder, a compass, an inclinometer, a clock, a wrench, a hammer, a rescue tool, a survival kit holder, a bow-drill holder, an arrow launcher, and a field level.","knivesandblades",3,"https://www.topsknives.com/knives/survival/atax","https://www.topsknives.com/knives/survival/atax","https://s-media-cache-ak0.pinimg.com/originals/72/27/8d/72278d1fb155e8083c657271fcaeda7a.jpg","https://www.amazon.com/Tops-Knives-Atax-Hand-Axe/dp/B00B81X2AU/ref=sr_1_1?ie=UTF8&qid=1517885076&sr=8-1&keywords=ATAX#customerReviews"
2,"EL CHETE","El Chete is the first TOPS knife to be released with our wicked new finish called Acid Rain. Because of the process we use, the finish varies slightly from knife to knife so that each person gets something unique. We wanted the handles to be thick enough to fill each user's hand like a hatchet or small ax handle would, so we decided to use sandwiched Micarta. It's well rounded for comfort and the black canvas Micarta underneath the green canvas Micarta adds even more to the aesthetics of this piece.","knivesandblades",7,"https://www.topsknives.com/knives/survival/el-chete",NULL,"https://media.midwayusa.com/productimages/880x660/alt3/172/172795.jpg","https://www.amazon.com/Tops-Knives-El-Chete-Knife/dp/B072C2P7QM/ref=sr_1_1?ie=UTF8&qid=1517885136&sr=8-1&keywords=EL+CHETE#customerReviews"
3,"Leatherman Surge Multitool","A work-site juggernaut, Surge features easy-to-unlock blades, two bit-drivers with bits, plus a unique blade exchanger for added versatility.","knivesandblades",7,"https://www.rei.com/product/728652/leatherman-surge-multi-tool",NULL,"https://www.rei.com/media/e2228d98-beb0-4e0c-b78e-7f93013dd13e?size=1020x510","https://www.amazon.com/Leatherman-Surge-Multitool-Stainless-Sheath/dp/B001AC4JMC/ref=sr_1_2_sspa?s=sporting-goods&ie=UTF8&qid=1517885506&sr=1-2-spons&keywords=Leatherman+Surge+Multi-tool&psc=1#customerReviews"
4,"Ka-Bar Becker BK2","Bring the KA-BAR Becker Companion Knife and Tool along on your next hunting or camping trip. This lightweight knife features a durable, 1095 cro-van steel blade, perfect for splitting kindling, skinning game, or chopping onions for the campfire grill.","knivesandblades",8,"https://www.amazon.com/gp/product/B001N1DPDE/ref=as_li_qf_sp_asin_il_tl?ie=UTF8&camp=1789&creative=9325&creativeASIN=B001N1DPDE&linkCode=as2&tag=wildernesstod-20&linkId=ZGT7E67D3ZPPWNRG",NULL,"https://images-na.ssl-images-amazon.com/images/I/41adQlsnb6L.jpg","https://www.amazon.com/gp/product/B001N1DPDE/ref=as_li_qf_sp_asin_il_tl?ie=UTF8&camp=1789&creative=9325&creativeASIN=B001N1DPDE&linkCode=as2&tag=wildernesstod-20&linkId=ZGT7E67D3ZPPWNRG#customerReviews"
5,"CRKT KANGEE T-Hawk","Crafted from a single slab of high carbon steel, it’s robust enough to handle most anything you can dish out. The blade geometry has tapered cutting edges for efficient splitting, chopping or shaving and overall toughness. Meanwhile, a spike on the other end ensures victory over whatever you may come up against in the line of duty. This tomahawk does more than cut. It carves out a unique place in your tactical gear bag.","knivesandblades",8,"https://www.amazon.com/gp/product/B00BBOBXD2/ref=as_at/?imprToken=3OZ6HJRVJC.iBKBjhbj.9Q&slotNum=1&ie=UTF8&camp=1789&creative=390957&creativeASIN=B00BBOBXD2&linkCode=w61&tag=tbobg-20",NULL,"https://images-na.ssl-images-amazon.com/images/I/41pnyUtsb8L.jpg","https://www.amazon.com/gp/product/B00BBOBXD2/ref=as_at/?imprToken=3OZ6HJRVJC.iBKBjhbj.9Q&slotNum=1&ie=UTF8&camp=1789&creative=390957&creativeASIN=B00BBOBXD2&linkCode=w61&tag=tbobg-20#customerReviews"
6,"SOG Entrenching Tool","A folding shovel can be an indispensable tool in today's constantly changing environment. When you need to move sand, dirt or snow you wish you had that shovel close at hand. The all-steel construction entrenching tool features a tempered-steel blade with teeth cut into it for cutting and slashing. The triangular handle is strong and fits the hand well.","knivesandblades",8,"https://www.amazon.com/SOG-Entrenching-Tool-F08-N-Folding/dp/B0038A05X6/ref=sr_1_9?s=hi&ie=UTF8&qid=1517170215&sr=1-9&keywords=Canteen",NULL,"https://images-na.ssl-images-amazon.com/images/I/31MSWzjwW9L.jpg","https://www.amazon.com/SOG-Entrenching-Tool-F08-N-Folding/dp/B0038A05X6/ref=sr_1_9?s=hi&ie=UTF8&qid=1517170215&sr=1-9&keywords=Canteen#customerReviews"
7,"LifeStraw Personal Water Filter","The ultimate survival tool for hiking, camping, ultralight backpacking, hunting, travel, scouting, and emergency preparedness, its straw design is ideal for purifying water from streams, lakes, ponds and other contaminated sources. No disaster kit or bugout bag is complete without a LifeStraw, an essential component of any prepper gear lineup. Unlike many similar filters on the market today, LifeStraw has met EPA standards for water filtration in independent testing and removes a minimum 99.9999% of waterborne bacteria (>LOG 6 reduction) and 99.9% of waterborne protozoan parasites (>LOG 3 reduction), filtering to an amazing 0.2 microns and surpassing EPA standards for water filters.","foodandhydration",8,"https://www.amazon.com/LifeStraw-Personal-Camping-Emergency-Preparedness/dp/B006QF3TW4/ref=sr_1_4?ie=UTF8&qid=1517165177&sr=8-4&keywords=survival+gear",NULL,"https://images-na.ssl-images-amazon.com/images/I/51KfGqD5pqL._SL1325_.jpg","https://www.amazon.com/LifeStraw-Personal-Camping-Emergency-Preparedness/dp/B006QF3TW4/ref=sr_1_4?ie=UTF8&qid=1517165177&sr=8-4&keywords=survival+gear#customerReviews"
8,"ER Emergency Ration","The 2,400 calorie ER Bar is a 72-hour emergency ration formulated specifically for disaster victims. Each packet contains six individual 410 calorie rations that are ready-to-eat with no preparation. The ER bar is formulated with an optimum balance of salt, carbohydrates, protein, fat and enriched with the recommended daily allowance of vitamins and minerals.","foodandhydration",8,"https://www.amazon.com/ER-Emergency-Ration-1AQK-4P-Preparedness/dp/B008DEYAZ6/ref=sr_1_3?s=sporting-goods&ie=UTF8&qid=1517169008&sr=1-3&keywords=Survival+Rations",NULL,"https://images-na.ssl-images-amazon.com/images/I/81yxMJO0seL._SL1500_.jpg","https://www.amazon.com/ER-Emergency-Ration-1AQK-4P-Preparedness/dp/B008DEYAZ6/ref=sr_1_3?s=sporting-goods&ie=UTF8&qid=1517169008&sr=1-3&keywords=Survival+Rations#customerReviews"
9,"Potable Aqua Water Purification Treatment","Used worldwide by campers, hikers, militaries, emergency organizations, and anyone else who needs to drink water of questionable quality, these Portable Aqua iodine tablets will disinfect contaminated drinking water in a pinch. The tablets--which are intended for short-term or limited emergency use only--make most water bacteriologically suitable for drinking, proving effective against Giardia lamblia when used as directed.","foodandhydration",8,"https://www.amazon.com/Potable-Aqua-Purification-Treatment-Tablets/dp/B001949TKS/ref=sr_1_4?s=hi&ie=UTF8&qid=1517170094&sr=1-4&keywords=Water+Purification+Tablets",NULL,"https://images-na.ssl-images-amazon.com/images/I/91ACC7JPo5L._SL1500_.jpg","https://www.amazon.com/Potable-Aqua-Purification-Treatment-Tablets/dp/B001949TKS/ref=sr_1_4?s=hi&ie=UTF8&qid=1517170094&sr=1-4&keywords=Water+Purification+Tablets#customerReviews"
10,"Rothco Vintage Canteen Carry","The Rothco 614 Vintage Canteen Carry-All with Shoulder Strap is constructed of fleece lined washed canvas. It has a large front pocket for a cell phone or similarly sized object. It holds a 1 quart canteen (not included).","foodandhydration",8,"https://www.amazon.com/Rothco-ROT110-11-Vintage-Canteen-Carry/dp/B00664SPG0/ref=pd_sbs_200_5?_encoding=UTF8&pd_rd_i=B00664SPG0&pd_rd_r=108W6CANKCXBX6EF1GTE&pd_rd_w=dFTut&pd_rd_wg=dwgfm&refRID=108W6CANKCXBX6EF1GTE",NULL,"https://images-na.ssl-images-amazon.com/images/I/710XbZOL2OL._SL1200_.jpg","https://www.amazon.com/Rothco-ROT110-11-Vintage-Canteen-Carry/dp/B00664SPG0/ref=pd_sbs_200_5?_encoding=UTF8&pd_rd_i=B00664SPG0&pd_rd_r=108W6CANKCXBX6EF1GTE&pd_rd_w=dFTut&pd_rd_wg=dwgfm&refRID=108W6CANKCXBX6EF1GTE#customerReviews"
11,"12/16 Pcs Camping Cookware Stove Carabiner Canister","Aluminum oxide material selected, internal surface material non-toxic and wear-resistant, the pots are fast in heat conduction, and most of the purchasers commented that to boil a full pot of water took less than 4 minutes.","cooking",8,"https://www.amazon.com/Cookware-Carabiner-Bisgear-Backpacking-Non-stick/dp/B01KUFNXZ8/ref=sr_1_2?ie=UTF8&qid=1517167162&sr=8-2&keywords=survival+gear+cooking",NULL,"https://images-na.ssl-images-amazon.com/images/I/71TYfpbb75L._SL1200_.jpg","https://www.amazon.com/Cookware-Carabiner-Bisgear-Backpacking-Non-stick/dp/B01KUFNXZ8/ref=sr_1_2?ie=UTF8&qid=1517167162&sr=8-2&keywords=survival+gear+cooking#customerReviews"
12,"Jetboil Flash Personal Cooking System","The Jetboil Flash cooking system utilizes the same efficient design as the now classic Personal Cooking System (PCS) but adds the additional convenience feature of an external temperature indicator. Designed to capture and focus heat more efficiently than traditional cooking systems, the Flash brings two cups of water to a boil in only two minutes. ","cooking",8,"https://www.amazon.com/Jetboil-Flash-Personal-Cooking-System/dp/B0093UA45Y/ref=as_li_ss_tl?s=sporting-goods&ie=UTF8&qid=1498662697&sr=1-3&keywords=jetboil+stove+kit&linkCode=sl1&tag=outdoorlife03-20&linkId=291c587d3a72568f0f25f5874130e8a0",NULL,"https://images-na.ssl-images-amazon.com/images/I/61aT9sixetL._SL1200_.jpg","https://www.amazon.com/Jetboil-Flash-Personal-Cooking-System/dp/B0093UA45Y/ref=as_li_ss_tl?s=sporting-goods&ie=UTF8&qid=1498662697&sr=1-3&keywords=jetboil+stove+kit&linkCode=sl1&tag=outdoorlife03-20&linkId=291c587d3a72568f0f25f5874130e8a0#customerReviews"
13,"TACT Bivvy Emergency Survival Sleeping Bag","he TACT Bivvy Emergency Sleeping Bag is an amazing survival tool to add to your survival kit or camping gear. This light weight sleeping bag can be used by itself, or act as a sleeping bag liner to keep you sound asleep. The TACT Bivvy is made from our HeatEcho™ thermal reflective material for heat retention and is also waterproof, windproof, and reinforced at the seams for added strength and durability. It also packs inside a tiny durable nylon stuff sack, keeping it compact for your bug out bag or camping gear.","shelter",8,"https://www.amazon.com/TACT-Bivvy-Emergency-Survival-Sleeping/dp/B01M9CBOP3/ref=sr_1_7?ie=UTF8&qid=1517165177&sr=8-7&keywords=survival+gear",NULL,"https://images-na.ssl-images-amazon.com/images/I/71AlJ%2BuxxCL._SL1000_.jpg","https://www.amazon.com/TACT-Bivvy-Emergency-Survival-Sleeping/dp/B01M9CBOP3/ref=sr_1_7?ie=UTF8&qid=1517165177&sr=8-7&keywords=survival+gear#customerReviews"
14,"Survival Shack Emergency Survival Shelter Tent","The Survival Shackl® is an essential for any outdoor adventure or emergency kit. The Survival Shack is made from mylar thermal material designed by NASA to reflect 90% of body heat and keep you warm in any weather. The shelter is compact and lightweight, making it easy to carry with you on any camping, hiking, hunting, boating, backpacking or survival adventures, and is large enough (8’ X 5’) to accommodate two adults.","shelter",8,"https://www.amazon.com/Emergency-Reflective-Conserves-Lightweight-Waterproof/dp/B01GOL67YG/ref=sr_1_13?ie=UTF8&qid=1517165177&sr=8-13&keywords=survival+gear",NULL,"https://images-na.ssl-images-amazon.com/images/I/61tpCYOnAsL._SL1000_.jpg","https://www.amazon.com/Emergency-Reflective-Conserves-Lightweight-Waterproof/dp/B01GOL67YG/ref=sr_1_13?ie=UTF8&qid=1517165177&sr=8-13&keywords=survival+gear#customerReviews"
15,"UST WetFire Tinder","Lightweight, safe, and easy-to-carry, UST's WetFire Tinder is guaranteed to light in windy or wet conditions. Requiring just a small amount of tinder to build a fire, you can shave off a small piece or use the entire cube depending on the level of wind or moisture. WetFire tinder burns up to 5 minutes and can be extinguished instantly.","firestarters",8,"https://www.amazon.com/UST-20-1WG0412-WetFire-Tinder-8-Pack/dp/B001H9N8BQ/ref=sr_1_25?ie=UTF8&qid=1517165861&sr=8-25&keywords=survival+gear",NULL,"https://images-na.ssl-images-amazon.com/images/I/71XHBSwMBlL._SL1500_.jpg","https://www.amazon.com/UST-20-1WG0412-WetFire-Tinder-8-Pack/dp/B001H9N8BQ/ref=sr_1_25?ie=UTF8&qid=1517165861&sr=8-25&keywords=survival+gear#customerReviews"
16,"X-Plore Gear Firestarter","Whether you're gathering the essentials to build a distress and emergency kit, or you're an outdoorsman and are looking for something extra for your camping gear, this tool is ideal for you! Not only it provides a trusty way to build up a fire under any circumstances, it also features a built-in compass and a special emergency whistle!","firestarters",8,"https://www.amazon.com/X-Plore-Gear-Firestarter-Multifunction-Magnesium/dp/B01M68RGRI/ref=sr_1_10?ie=UTF8&qid=1517166551&sr=8-10&keywords=survival+gear",NULL,"https://images-na.ssl-images-amazon.com/images/I/810Hu2r1PQL._SL1500_.jpg","https://www.amazon.com/X-Plore-Gear-Firestarter-Multifunction-Magnesium/dp/B01M68RGRI/ref=sr_1_10?ie=UTF8&qid=1517166551&sr=8-10&keywords=survival+gear#customerReviews"
17,"Patagonia Men's Storm Racer Jacket","Featherweight H2No® Performance Standard 100% nylon ripstop keeps you dry, while a tricot backer wears soft and comfortable next to your skin Zippered chest pocket converts to stuffsack with a reinforced carabiner clip-in loop","clothing",8,"http://www.patagonia.com/product/mens-storm-racer-running-jacket/24110.html",NULL,"http://www.patagonia.com/dis/dw/image/v2/ABBM_PRD/on/demandware.static/-/Sites-patagonia-master/default/dw8801063f/images/hi-res/24110_BLK.jpg?sw=750&sh=750&sm=fit&sfrm=png","https://www.amazon.com/Patagonia-Mens-Houdini-Jacket-Large/dp/B075FSQXZ9/ref=sr_1_30_mc?s=apparel&ie=UTF8&qid=1517887265&sr=1-30&keywords=patagonia#customerReviews"
18,"Ellsworth & Company Men's Ellsworth Hike/Pack Socks","Ellsworth implements patented VChannel technology that gives sweat a path to escape and evaporate. Partnering with Merino wool our VChannels move vapor off your feet unlike any other sock by using 3 Dimensional DESIGN. This keeps your feet drier - our test conclude 45% drier than the leading competition! The signature on our seamless toe represents a standard of excellence, innovation and craftsmanship while proudly being knit in America. Hike confidently in a sock that will stand behind you with a lifetime guarantee. Our passion is socks. Step in and experience our passion. Feel the difference.","clothing",8,"https://www.amazon.com/Ellsworth-Company-Featuring-Patented-Technology/dp/B072L6PS55",NULL,"https://images-na.ssl-images-amazon.com/images/I/41qdhcMf7mL._UX385_.jpg","https://www.amazon.com/Patagonia-Mens-Houdini-Jacket-Large/dp/B075FSQXZ9/ref=sr_1_30_mc?s=apparel&ie=UTF8&qid=1517887265&sr=1-30&keywords=patagonia#customerReviews"
19,"Vgo… Goatskin Leather Waterproof Gloves","Vgo... goatskin leather palm winter Work gloves have genuine goatskin leather boasts all day comfort with excellent smoothness and gentleness, Thinsulate lining for cold proof and breathable waterproof bag.","clothing",8,"https://www.amazon.com/Vgo-Goatskin-Leather-Waterproof-Winter/dp/B07216T7TY/ref=sr_1_9?s=hi&ie=UTF8&qid=1517169866&sr=1-9&keywords=Work+Gloves",NULL,"https://images-na.ssl-images-amazon.com/images/I/51AfcWAinlL.01_SL500_.jpg","https://www.amazon.com/Vgo-Goatskin-Leather-Waterproof-Winter/dp/B07216T7TY/ref=sr_1_9?s=hi&ie=UTF8&qid=1517169866&sr=1-9&keywords=Work+Gloves"
20,"X-Plore Gear Emergency Paracord Bracelets","THE ULTIMATE SURVIVAL GEAR: The SA01 emergency paracord bracelet is a compact and tactical survival bracelet that comes packed with all the necessary features you need, in order to survive in the wilderness. Our paracord bracelet is the ideal choice for every camping, hiking, hunting, fishing enthusiast or simply anyone who likes going in the Great Outdoors and be prepared!","ropescordsaccessories",8,"https://www.amazon.com/X-Plore-Gear-Emergency-Wilderness-Survival-Kit/dp/B06XZ9SMZ9/ref=sr_1_3?ie=UTF8&qid=1517167162&sr=8-3&keywords=survival+gear+cooking",NULL,"https://images-na.ssl-images-amazon.com/images/I/91YkEX6NBPL._SL1500_.jpg","https://www.amazon.com/X-Plore-Gear-Emergency-Wilderness-Survival-Kit/dp/B06XZ9SMZ9/ref=sr_1_3?ie=UTF8&qid=1517167162&sr=8-3&keywords=survival+gear+cooking#customerReviews"
21,"Gorilla 6035180 Tape","Made with double thick adhesive, strong reinforced backing, and a tough all-weather shell, it’s the biggest, strongest, toughest thing ever to happen to duct tape. To us, it’s made the way tape should be: The toughest on planet earth.","ropescordsaccessories",8,"https://www.amazon.com/Gorilla-6035180-Black-Tape-1-88/dp/B000CSS8UE/ref=sr_1_1_sspa?s=sporting-goods&ie=UTF8&qid=1517169651&sr=1-1-spons&keywords=gorilla+tape&psc=1",NULL,"https://images-na.ssl-images-amazon.com/images/I/819H6kLerFL._SL1500_.jpg","https://www.amazon.com/Gorilla-6035180-Black-Tape-1-88/dp/B000CSS8UE/ref=sr_1_1_sspa?s=sporting-goods&ie=UTF8&qid=1517169651&sr=1-1-spons&keywords=gorilla+tape&psc=1#customerReviews"
22,"Big Wall Traverse Aluminum Carabiners","These UIAA CERTIFIED carabiners are perfect setting up a complex anchor system, hooking up your hammock at camp, or just for having on your rack for whatever pops up. At just under 50g, you'll be able to carry several of these without being weighed down. If you are looking to add a small locking carabiner to your rack this is the perfect Key Lock Screw-Lock Carabiner. It is compact, lightweight, and has a great neutral color.","ropescordsaccessories",8,"https://www.amazon.com/Big-Wall-Traverse-Certified-Carabiners/dp/B0175B8ME2/ref=sr_1_1_sspa?s=sporting-goods&ie=UTF8&qid=1517169691&sr=1-1-spons&keywords=carabiner&psc=1",NULL,"https://images-na.ssl-images-amazon.com/images/I/81LvKRo%2BT0L._SL1500_.jpg","https://www.amazon.com/Big-Wall-Traverse-Certified-Carabiners/dp/B0175B8ME2/ref=sr_1_1_sspa?s=sporting-goods&ie=UTF8&qid=1517169691&sr=1-1-spons&keywords=carabiner&psc=1#customerReviews"
23,"CVLIFE Outdoor Tactical Backpack","1.5 Inch Waist Belt and 1 Inch Sternum Strap Padded back of the backpack provides a comfortable feel. The inside pouches are made by waterproof material, wearable and durable. Equipped with durable zipper closure, all pounces are easy to open and close. ","bagsandpacks",8,"https://www.amazon.com/CVLIFE-Tactical-Backpack-Rucksacks-Waterproof/dp/B00Z5F2LQG/ref=sr_1_16?ie=UTF8&qid=1517165177&sr=8-16&keywords=survival%2Bgear&th=1",NULL,"https://images-na.ssl-images-amazon.com/images/I/612krG1BhWL._SL1200_.jpg","https://www.amazon.com/CVLIFE-Tactical-Backpack-Rucksacks-Waterproof/dp/B00Z5F2LQG/ref=sr_1_16?ie=UTF8&qid=1517165177&sr=8-16&keywords=survival%2Bgear&th=1#customerReviews"
24,"Nathan HyperBrite Strobe","Small but powerful, the HyperBrite strobe easily clips to your pack, clothing or even a shoe to keep you visible after the sun goes down.","signaling",8,"https://www.rei.com/product/874404/nathan-hyperbright-strobe",NULL,"https://www.rei.com/media/1ed98e06-3a09-453d-8083-508b0976bfb3?size=1020x510","https://www.amazon.com/product-reviews/B00LZQE9AK/ref=acr_search_see_all?ie=UTF8&showViewpoints=1"
25,"First Aid Only All-Purpose First Aid","Be ready for all potential emergencies at home, in the car, outdoors or on the water. Developed to save time and frustration in the midst of emergency situations. Supplies are easy to find in our patent pending, clear-pocket pages.","firstaid",8,"https://www.amazon.com/gp/product/B000069EYA/ref=as_li_tl?ie=UTF8&tag=biipgf_100917_best-first-aid-kits-20&camp=1789&creative=9325&linkCode=as2&creativeASIN=B000069EYA&linkId=ad0e174a1a558aa470a3d6581c840c00",NULL,"https://images-na.ssl-images-amazon.com/images/I/61LRlkpFrOL.jpg","https://www.amazon.com/gp/product/B000069EYA/ref=as_li_tl?ie=UTF8&tag=biipgf_100917_best-first-aid-kits-20&camp=1789&creative=9325&linkCode=as2&creativeASIN=B000069EYA&linkId=ad0e174a1a558aa470a3d6581c840c00#customerReviews"
26,"Recon Medical BLK-1PAK-FBA Tourniquet","Life saving equipment - hemorrhaging is the leading cause of preventable death in tactical and non-tactical trauma situations. Patent pending finger hole design for better grip in mud, blood, or wet weather - easily add one or more to home emergency kits, cars, backpacks, motorcycles, range bag, construction belt or carried on person for immediate use. - easy simple design - one handed design for self-application","firstaid",8,"https://www.amazon.com/Recon-Medical-BLK-1PAK-FBA-Tourniquet-Pre-Hospital/dp/B01ETMVQOI/ref=sr_1_2_sspa?ie=UTF8&qid=1517170421&sr=8-2-spons&keywords=Tourniquet&psc=1",NULL,"https://images-na.ssl-images-amazon.com/images/I/41ufPZsR8AL.jpg","https://www.amazon.com/Recon-Medical-BLK-1PAK-FBA-Tourniquet-Pre-Hospital/dp/B01ETMVQOI/ref=sr_1_2_sspa?ie=UTF8&qid=1517170421&sr=8-2-spons&keywords=Tourniquet&psc=1#customerReviews"
27,"SAM Rolled Splint 36\", Orange/Blue","Sam Splint","firstaid",8,"https://www.amazon.com/SAM-Rolled-Splint-Orange-Blue/dp/B001J5H92C/ref=sr_1_5_a_it?ie=UTF8&qid=1517170476&sr=8-5&keywords=Sam+Splint",NULL,"https://images-na.ssl-images-amazon.com/images/I/71GKEmqp3XL._SX522_.jpg","https://www.amazon.com/SAM-Rolled-Splint-Orange-Blue/dp/B001J5H92C/ref=sr_1_5_a_it?ie=UTF8&qid=1517170476&sr=8-5&keywords=Sam+Splint#customerReviews"
28,"Fenix PD35 TAC 1000 Lumen","The PD35 TAC (Tactical Edition) remains a pocket size but has a higher performance and focuses on tactcial employment. Measured at less than 5.51 inches, it features up to a 1000-lumen output and has a beam distance of up to 656 feet. In the Outdoor Mode, the PD35 TAC delivers 6 output modes. However, the Tactical Mode strengthens the PD35 TAC with simplified and fast operation. From outdoor use to law enforcement, you can resort to it.","lighting",8,"https://www.amazon.com/Tactical-Flashlight-EdisonBright-Lithium-Batteries/dp/B00DR9GWX0/ref=sr_1_2_sspa?ie=UTF8&qid=1517168426&sr=8-2-spons&keywords=Fenix+PD35+Tactical+Flashlight&psc=1",NULL,"https://images-na.ssl-images-amazon.com/images/I/51SSVg3AZhL._SY450_.jpg","https://www.amazon.com/Tactical-Flashlight-EdisonBright-Lithium-Batteries/dp/B00DR9GWX0/ref=sr_1_2_sspa?ie=UTF8&qid=1517168426&sr=8-2-spons&keywords=Fenix+PD35+Tactical+Flashlight&psc=1#customerReviews"
29,"Olympia EX550 LED Headlamp","The Olympia EX550 headlamp is durable and powerful at 550 lumens. This headlamp is made from lightweight aluminum making it a great solution for rigorous activities such as trail running, caving, skiing and more. It is powered by a Cree XM-L LED bulb, has five lighting modes and is waterproof to IPX-7 up to one meter. With the lock-out function that prevents battery drain and accidental on/off, this headlamp will travel with you anywhere.","lighting",8,"https://www.amazon.com/Olympia-EX550-Lightweight-Resistant-Headlamp/dp/B00K5FFU50/ref=as_li_ss_tl?ie=UTF8&linkCode=sl1&tag=outdoorlife03-20&linkId=60f77c2d92df8e735137e60361e1475e",NULL,"https://images-na.ssl-images-amazon.com/images/I/61tCMqZ6dhL._SL1000_.jpg","https://www.amazon.com/Olympia-EX550-Lightweight-Resistant-Headlamp/dp/B00K5FFU50/ref=as_li_ss_tl?ie=UTF8&linkCode=sl1&tag=outdoorlife03-20&linkId=60f77c2d92df8e735137e60361e1475e#customerReviews"
30,"Garmin GPSMAP 64 GPS","With its quad helix antenna and high-sensitivity, GPS and GLONASS, receiver, GPSMAP 64 locates your position quickly and precisely and maintains its location even in heavy cover and deep canyons. The advantage is clear — whether you’re in deep woods or just near tall buildings and trees, you can count on GPSMAP 64 to help you find your way when you need it the most.","gpsandcompass",8,"https://www.amazon.com/dp/B00HWL9AR4/ref=sr_ob_1?s=sports-and-fitness&ie=UTF8&qid=1517168503&sr=1-1",NULL,"https://images-na.ssl-images-amazon.com/images/I/41Y6NEME1BL.jpg","https://www.amazon.com/dp/B00HWL9AR4/ref=sr_ob_1?s=sports-and-fitness&ie=UTF8&qid=1517168503&sr=1-1#customerReviews"
31,"Suunto MC-2 Compass","THE SIGHTING COMPASS FOR GLOBAL MOUNTAINEERS Suunto MC-2/360/G/D/L Compass SS004252010 The advanced navigation compass. When venturing out into new territory, these sighting compasses offer precision navigation with a variety of carefully engineered and dependable features for challenging conditions.","gpsandcompass",8,"https://www.amazon.com/Suunto-SS004252010-MC-2G-Global-Compass/dp/B000FEUCRW/ref=sr_1_cc_1?s=aps&ie=UTF8&qid=1517169450&sr=1-1-catcorr&keywords=suunto+compass",NULL,"https://images-na.ssl-images-amazon.com/images/I/815sCDB8CzL._SL1500_.jpg","https://www.amazon.com/Suunto-SS004252010-MC-2G-Global-Compass/dp/B000FEUCRW/ref=sr_1_cc_1?s=aps&ie=UTF8&qid=1517169450&sr=1-1-catcorr&keywords=suunto+compass#customerReviews"
32,"Nikon 7576 MONARCH 5 8x42 Binocular (Black)","Even with an uncontested heritage of all-conditions optical performance, the all-new MONARCH 5 further elevates its game with improved agility and advanced low light brilliance. ","optics",8,"https://www.amazon.com/Nikon-7576-MONARCH-Binocular-Black/dp/B00C66C950/ref=sr_1_fkmr0_1?s=sporting-goods&ie=UTF8&qid=1517168687&sr=1-1-fkmr0&keywords=Nikon+Monarch+ATB+8%C3%9742.",NULL,"https://images-na.ssl-images-amazon.com/images/I/715axw23PxL._SL1200_.jpg","https://www.amazon.com/Nikon-7576-MONARCH-Binocular-Black/dp/B00C66C950/ref=sr_1_fkmr0_1?s=sporting-goods&ie=UTF8&qid=1517168687&sr=1-1-fkmr0&keywords=Nikon+Monarch+ATB+8%C3%9742.#customerReviews"
33,"CenterPoint Sniper 370 Crossbow","Big game performance in a package that begs to hit the mountain. A fully adjustable stock and pass-through foregrip accommodate your shooting style to ensure exceptional accuracy and quad limbs fitted with a precision CNC-machined cam system delivers mind-blowing speeds up to 370 FPS. ","defense",8,"https://www.amazon.com/CenterPoint-Sniper-370-Crossbow-Package/dp/B01H7KULFO/ref=sr_1_4?s=hunting-fishing&ie=UTF8&qid=1517170937&sr=1-4&keywords=crossbow",NULL,"https://images-na.ssl-images-amazon.com/images/I/8115akJ-XHL._SL1500_.jpg","https://www.amazon.com/CenterPoint-Sniper-370-Crossbow-Package/dp/B01H7KULFO/ref=sr_1_4?s=hunting-fishing&ie=UTF8&qid=1517170937&sr=1-4&keywords=crossbow#customerReviews"
34,"Bushcraft 101: A Field Guide","The ultimate resource for experiencing the backcountry!","emergencyandsurvival",8,"https://www.amazon.com/Bushcraft-101-Field-Wilderness-Survival/dp/1440579776/ref=sr_1_3?ie=UTF8&qid=1517165177&sr=8-3&keywords=survival+gear",NULL,"https://images-na.ssl-images-amazon.com/images/I/51RCbtm%2BvTL._SX323_BO1,204,203,200_.jpg","https://www.amazon.com/Bushcraft-101-Field-Wilderness-Survival/dp/1440579776/ref=sr_1_3?ie=UTF8&qid=1517165177&sr=8-3&keywords=survival+gear#customerReviews"
35,"Banana Boat Sport Lotion Sunscreens","Sport performance sunscreen SPF 30 lotion provides sweat and water resistant protection.","sunandprotection",8,"https://www.amazon.com/Banana-Boat-Performance-Sunscreens-Technology/dp/B0030ZEGDY/ref=sr_1_6_s_it?s=hpc&ie=UTF8&qid=1517170562&sr=1-6&keywords=sunscreen",NULL,"https://images-na.ssl-images-amazon.com/images/I/41vgFtU1EPL.jpg","https://www.amazon.com/Banana-Boat-Performance-Sunscreens-Technology/dp/B0030ZEGDY/ref=sr_1_6_s_it?s=hpc&ie=UTF8&qid=1517170562&sr=1-6&keywords=sunscreen#customerReviews"
36,"Teva Arrowood Riva Mid WP Boots","Take a stroll in comfort, no matter the conditions. The Teva Arrowood Riva Mid WP boots have highly breathable eVent® membranes for waterproof protection when the weather is poor.","shoes",8,"https://www.rei.com/product/120664/teva-arrowood-riva-mid-wp-boots-mens",NULL,"https://www.rei.com/media/b9579e53-a9a7-4b38-bd3e-068877d74c9c?size=1020x510","https://www.amazon.com/Teva-Arrowood-Riva-Mid-Men/dp/B01N4FRKDM/ref=sr_1_fkmr1_3?ie=UTF8&qid=1517888570&sr=8-3-fkmr1&keywords=Teva+Arrowood+Riva+Mid+WP+Boots#customerReviews"
37,"The North Face Hedgehog Mid Gore-Tex Hiking Boots","With waterproof breathable protection, Cradle Guide midsole support and durable Vibram® outsoles, The North Face Hedgehog Fastpack Mid Gore-Tex® men's hiking boots travel fast.","shoes",8,"https://www.rei.com/product/114091/the-north-face-hedgehog-fastpack-mid-gore-tex-hiking-boots-mens",NULL,"https://www.rei.com/media/9616f0f1-6568-454b-a0ee-14b977ed0590?size=1020x510","https://www.amazon.com/Mens-Hedgehog-Gore-Tex-Hiking-Graph/dp/B01MT0TDQF/ref=sr_1_1?s=apparel&ie=UTF8&qid=1517888633&sr=1-1&nodeID=7141123011&psd=1&keywords=The+North+Face+Hedgehog+Fastpack+Mid+Gore-Tex+Hiking+Boots#customerReviews"
38,"Lowa Zephyr GTX Hi TF Hiking Boots","Designed to be faster, lighter boots that can tackle punishing conditions, the tall-shafted Lowa Zephyr GTX Hi TF hiking boots offer great support and rebound with a waterproof lining.","shoes",8,"https://www.rei.com/product/105339/lowa-zephyr-gtx-hi-tf-hiking-boots-mens",NULL,"https://www.rei.com/media/4ed4b226-738a-4d11-ae51-ae76463dbe9b?size=1020x510","https://www.amazon.com/product-reviews/B002MPPVCI/ref=acr_search_see_all?ie=UTF8&showViewpoints=1"
39,"Merrell Moab 2 Mid WP Hiking Boots","Waterproof Merrell Moab 2 WP Mid hikers deliver out-of-the-box comfort with durable leather, supportive footbeds and Vibram traction. Wear them and you'll know why Moab stands for Mother-Of-All-Boots.","shoes",8,"https://www.rei.com/product/113731/merrell-moab-2-mid-wp-hiking-boots-womens",NULL,"https://www.rei.com/media/4e6ff51e-fe62-48e8-88a3-f0ceb22b4bde?size=1020x510","https://www.amazon.com/Merrell-Womens-Waterproof-Hiking-Bungee/dp/B01HFL99EY/ref=ice_ac_b_dpb?ie=UTF8&qid=1517888834&sr=8-1&keywords=Merrell+Moab+2+Mid+WP+Hiking+Boots+-+Women%27s#customerReviews"
40,"The North Face Endurus Mid GTX Hiking Boots ","Waterproof, breathable and incredibly comfortable, The North Face Endurus Mid GTX women's hiking boots offer XtraFoam cushioning for a soft ride with dependable stability.","shoes",8,"https://www.rei.com/product/113998/the-north-face-endurus-mid-gtx-hiking-boots-womens",NULL,"https://www.rei.com/media/8ea8628d-26db-4dea-a926-df3a7df4fd57?size=1020x510","https://www.rei.com/product/113998/the-north-face-endurus-mid-gtx-hiking-boots-womens"
41,"REI Co-op Flash 45 Pack","Make your weekend trip a walk in the park with the men's REI Co-op Flash 45 pack. It has load-stabilizing tech, a contoured hipbelt, a breathable back panel and attachment points for all your gear.","backpacks",8,"https://www.rei.com/product/111161/rei-co-op-flash-45-pack-mens",NULL,"https://www.rei.com/media/a5c2fec1-69c1-478a-b569-1c398b9f9b7f?size=1020x510","https://www.rei.com/product/111161/rei-co-op-flash-45-pack-mens"
42,"Mammut Trion Pro 50","","backpacks",8,"https://www.rei.com/product/125250/mammut-trion-pro-50-7-pack",NULL,"https://www.rei.com/media/cf8334bc-8823-4256-aeac-45de4a6b784c?size=1020x510",""
43,"Osprey Aether AG 85 Pack","The Mammut Trion Pro 50 + 7 alpine pack sports an extra-durable, nearly waterproof shell with plenty of ski and snow-tool straps for winter expeditions and all-season climbing adventures.","backpacks",8,"https://www.rei.com/product/111286/osprey-aether-ag-85-pack-mens",NULL,"https://www.rei.com/media/9188cae4-5c27-4179-85a7-175aa5ed2830?size=1020x510","https://www.rei.com/product/111286/osprey-aether-ag-85-pack-mens"
44,"Kelty Trekker 65 Pack","Carrying on a tradition of indestructible construction and plenty of pockets, the Kelty Trekker 65 pack offers a simple, comfortable, lightweight design that makes it a favorite on the trail.","backpacks",8,"https://www.rei.com/product/895713/kelty-trekker-65-pack",NULL,"https://www.rei.com/media/d1e67716-0af1-453a-a773-e44ca77cf38d?size=1020x510","https://www.rei.com/product/895713/kelty-trekker-65-pack"
45,"Teva Arrowood Riva Mid WP Boots - Men's","Leather uppers with eVent® waterproof and breathable membranes seal out the elements to keep your feet dry. EVA foam midsoles with high-rebound heel pads add lightweight cushioning. Responsive polyurethane footbeds put a spring in your step. Nylon shanks stabilize and support your feet on uneven ground. Rubberized toe caps protect against toe stubs. Durable Vibram® rubber outsoles stand up to the demands of rugged terrain.","clothing",8,"https://www.rei.com/product/120664/teva-arrowood-riva-mid-wp-boots-mens",NULL,"https://www.rei.com/media/b9579e53-a9a7-4b38-bd3e-068877d74c9c?size=1020x510","https://www.rei.com/product/120664/teva-arrowood-riva-mid-wp-boots-mens"
46,"Danner Instigator GTX Hiking Boots","The Instigator GTX boot combines athletic performance with traditional Danner toughness. The full grain leather upper offers comfort and rugged durability while the GORE-TEX lining provides waterproof, breathable protection. Danner?s patented TERRA FORCE support system, with the Approach TFX outsole provides lightweight, durable traction, heel-to-toe energy transfer, side support to enhance maneuverability, and protection from foot fatigue.","clothing",7,"https://www.amazon.com/Danner-Mens-Instigator-Inch-Outdoor/dp/B00JKI50KI",NULL,"https://images-na.ssl-images-amazon.com/images/I/91x8Hjva6rL._UX395_.jpg","https://www.amazon.com/Danner-Mens-Instigator-Inch-Outdoor/dp/B00JKI50KI#customerReviews"
47,"Merrell Moab 2 Mid WP Hiking Boots - Women's","Performance suede leather and mesh uppers have protective rubber toe caps. M-Select Dry membranes seal out water and let moisture escape so you stay dry when you're on the move. Bellowed, closed-cell foam tongues keep moisture and debris out. Merrell M Select Fit.Eco + blended - EVA, contoured footbeds with zonal arch and heel support. Merrell air cushion in the heels absorbs shock and adds stability. EVA midsoles for stability and comfort. Molded nylon arch shank adds stability. Vibram TC5 + outsoles have a 5mm lug depth for grip.","clothing",9,"https://www.rei.com/product/113731/merrell-moab-2-mid-wp-hiking-boots-womens",NULL,"https://www.rei.com/media/4e6ff51e-fe62-48e8-88a3-f0ceb22b4bde?size=1020x510","https://www.rei.com/product/113731/merrell-moab-2-mid-wp-hiking-boots-womens"
48,"Danner Light II Women's Hiking Boots","The Danner Light II is USA made, classically designed, and packed with features. A nubuck leather and 1000 Denier nylon upper combined with Danner's stitchdown construction, offer unparalleled durability and stability.The waterproof, breathable GORE - TEX lining keeps feet dry, and the Vibram Kletterlift outsole provides lightweight comfort, superb shock absorption, and great traction and stability on both wet and dry surfaces.","clothing",6,"https://www.lapolicegear.com/danner-hiking-boots-33000.html",NULL,"https://images.yswcdn.com/1409189516423803459-ql-85/505/475/ay/policestuff/danner-light-ii-women-s-hiking-boots-42.gif","https://www.amazon.com/Danner-Womens-Light-II-Outdoor/dp/B002OSY0DE#customerReviews"
49,"North Face Endurus Mid GTX Hiking Boots - Women's","Waterproof, breathable Gore-Tex® membranes deliver weather protection. Seamless, welded thermoplastic polyurethane(TPU) geometric quarter panels lock down feet to support and provide optimal breathability. TPU welded over synthetic toe caps delivers rugged toe protection. FlashDry® collar lining keeps your feet cool and dry. Industry-leading OrthoLite footbeds supply long - lasting comfort. Proprietary XtraFoam midsoles have a soft-density foam underfoot for superior comfort and a firm - density EVA around the perimeter for inherent stability on the trail. ESS Snake Plate forefoot to midfoot provides torsional rigidity and protection from stone bruising. Vibram XS Trek rubber outsoles employ 4mm outsole lugs with biting edges for durable multi-terrain traction.","clothing",8,"https://www.rei.com/product/113998/the-north-face-endurus-mid-gtx-hiking-boots-womens",NULL,"https://www.rei.com/media/8ea8628d-26db-4dea-a926-df3a7df4fd57?size=1020x510","https://www.rei.com/product/113998/the-north-face-endurus-mid-gtx-hiking-boots-womens"
50,"REI Co-op Flash 45 Pack - Men's","REI UpLift™ Compression technology pulls the pack load up and in, closer to your center of gravity, to improve your balance and stability. A 3D contoured hipbelt provides all-day comfort and stability. An REI Packnit™ back panel with triangle foam increases airflow and breathability. Water bottle pockets have secure snap closures and are positioned forward on the hipbelt so you don't have to remove the pack to grab your drink. Removable top lid offers customizable pack volume. Large mesh pocket in the front provides easy access to frequently needed items. Attachment loops on the front allow ice axes, tools and more to be lashed on. Hydration - compatible design.","bagsandpacks",10,"https://www.rei.com/product/111161/rei-co-op-flash-45-pack-mens",NULL,"https://www.rei.com/media/a5c2fec1-69c1-478a-b569-1c398b9f9b7f?size=1020x510","https://www.rei.com/product/111161/rei-co-op-flash-45-pack-mens"
51,"Mammut Trion Pro 50 + 7 Pack","Extremely durable nylon shell provides nearly waterproof protection, supporting a 5000mm water column. Removable hipbelt with gear loops allows unobstructed access to your climbing harness and a streamlined profile for air travel. Removable floating top lid with 7 - liter powder skirt allows extra weather-protected space for winter expeditions. Huge, zippered back panel allows fast and easy access to the entire main compartment. Reinforced front zip pocket provides easy access to crampons, shovel, probe, or an extra layer. Side-compression straps buckle across the front of the pack for additional carrying options. Reinforced A - frame ski-carry straps; ice tool holder; rope carry strap under lid; multiple lash points. Hydration port and sleeve(reservoir not included).","bagsandpacks",7,"https://www.rei.com/product/878787/mammut-trion-pro-50-7-pack",NULL,"https://www.rei.com/media/5cb57818-a2a5-4000-8631-005b9c4859aa?size=1020x510","https://www.rei.com/product/878787/mammut-trion-pro-50-7-pack"
52,"LA Police Gear Atlas 72 Hour Tactical Backpack","LA Police Gear's Atlas line of Tactical Backpacks are so packed with features, we're truly besides ourselves. Just like all LAPG products, these backpacks are a tremendous value, but don't sacrifice on quality or materials. We've upped the ante even more with the Atlas Backpacks, as they are made from ultra-tough 900D Polyester with a PVC Coating. So as to not scream \"tactical\" so much, we've utilized laser cut molle on all areas of the packs. Last but definitely not least, we have added a new feature to the straps of the Atlas line that allows you to buckle in our LAPG Tactical Chest Pack Attachment directly to the backpack.The Chest Pack is a versatile carrying system that basically gives the storage of another backpack.Great for CCW, small items, or anything you can think of! We spent a long time on the drawing board and on the trail with the Atlas backpacks and know that it shows.You won't be disappointed.","bagsandpacks",9,"https://www.lapolicegear.com/lapg-bg-72h-pack-atlas.html",NULL,"https://images.yswcdn.com/1409189516423803459-ql-85/369/490/ay/policestuff/la-police-gear-atlas-72-hour-tactical-backpack-5.gif","https://www.lapolicegear.com/lapg-bg-72h-pack-atlas.html"
53,"5.11 Tactical RUSH 24 Bag 58601","Our most popular tactical backpack, the RUSH24™ is designed to provide superior storage capacity and organization without slowing you down. The roomy main compartment offers three interior mesh organizer pockets to keep small accessories organized, a padded hydration pocket keeps you moving, and a fleece-lined sunglass pocket keeps your eyewear within easy reach. Dual side storage compartments offer double-zip access, a large stuff-it pocket with an integrated draw cord provides expandable storage when you need it, and contoured compression straps ensure a stable, comfortable carry. A wrap-around web platform is MOLLE/5.11 SlickStick® System compatible, allowing you to customize your storage options as you see fit. Easily the best tactical backpack choice for a wide range of applications, the RUSH24 combines superior mobility and enhanced storage with customizable functionality that excels in any environment.","bagsandpacks",9,"https://www.lapolicegear.com/511-tactical-rush-24-bag.html",NULL,"https://images.yswcdn.com/1409189516423803459-ql-85/437/490/ay/policestuff/5-11-tactical-rush-24-bag-58601-9.gif","https://www.lapolicegear.com/511-tactical-rush-24-bag.html"
54,"Rothco Top Load Canvas Duffle Bag","Rothco's Heavyweight Top Load Cotton Canvas Duffle Bag is made from a durable cotton canvas designed to carry heavy loads of gear.Rothco is the foremost supplier of military, tactical, outdoor, survival clothing and gear.","bagsandpacks",8,"https://www.amazon.com/Rothco-Load-Canvas-Duffle-Olive/dp/B001FC8AFY/ref=sr_1_3?s=sporting-goods&ie=UTF8&qid=1517903012&sr=1-3&keywords=military+duffle+bag",NULL,"https://images-na.ssl-images-amazon.com/images/I/31%2B323JPvfL.jpg","https://www.amazon.com/Rothco-Load-Canvas-Duffle-Olive/dp/B001FC8AFY/ref=sr_1_3?s=sporting-goods&ie=UTF8&qid=1517903012&sr=1-3&keywords=military+duffle+bag#customerReviews"
55,"LA Police Gear Zombie Hunter Bag","So we know what you're thinking. A \"Zombie Hunter\" Bag? Really LAPG? Well, this bag is no joke. This thing is packed with features in a compact size. It is great for range use, to keep in your car, office or home as a bug out bag, or of course as a zombie apocalypse survival bag.","bagsandpacks",10,"https://www.lapolicegear.com/lapg-zombie-hunter-bag.html",NULL,"https://images.yswcdn.com/1409189516423803459-ql-85/505/447/ay/policestuff/la-police-gear-zombie-hunter-bag-65.gif","https://www.lapolicegear.com/lapg-zombie-hunter-bag.html"
56,"Streamlight Bandit Headlamp","Going for a run or need a hands-free light for up-close tasks? Reach for the Bandit - a lightweight, low-profile headlamp designed just for you. It is USB rechargeable and provides 180 lumens of bright, even light.","lighting",6,"https://www.lapolicegear.com/st-bandit-headlamp.html",NULL,"https://images.yswcdn.com/1409189516423803459-ql-85/358/134/ay/policestuff/streamlight-bandit-headlamp-1.gif","https://www.amazon.com/Streamlight-61700-Bandit-headstrap-Yellow/dp/B06W2HTGFL#customerReviews"
57,"Streamlight 61400 Enduro Impact Resistant Headlamp with Elastic Strap, Black","The Enduro is the most compact, lightweight, high performance, ergonomically developed LED headlamp on the market today. At only 2.75 ounces (with batteries), this headlamp uses two 1.5-volt AAA batteries for a combined performance at the top of the sub-compact headlamp category. The Enduro has been specifically engineered to minimize weight and maximize run time. The lights optimized center of gravity provides maximum wearer comfort and stability during use and the integral hat clip allows the light to be attached to the brim of a hat or on the wearer's shirt or jacket without the need for a head strap.This headlamp offers High and Low lighting modes, and is packaged with Rubber / Elastic Combo head strap.","lighting",6,"https://www.amazon.com/Streamlight-61400-Resistant-Headlamp-Elastic/dp/B000JWD114",NULL,"https://images-na.ssl-images-amazon.com/images/I/71LKkTu1xgL._SL1500_.jpg","https://www.amazon.com/Streamlight-61400-Resistant-Headlamp-Elastic/dp/B000JWD114#customerReviews"
58,"Princeton Tec Remix Pro NOD Kit Headlamp","When the US Military makes a request, Princeton Tec takes action. The Remix Pro is powered by a single CR123 battery providing excelled performance in cold weather, light weight and compact size. While having multiple output modes to meet various requirements, the light always starts in low mode. Combining these features with a large on/off button, an easy access battery door and a reliable asymmetrical bracket, The Remix Pro is equipped to endure the rigors of your next adventure.","lighting",9,"https://www.lapolicegear.com/pri-hyb123-headlamp.html",NULL,"https://images-na.ssl-images-amazon.com/images/I/61HMvNBO8sL._SL1200_.jpg","https://www.amazon.com/Princeton-Tec-Remix-Pro-Headlamp/dp/B01H8FI34E#customerReviews"
59,"SureFire G2X Series LED Flashlights with tough Nitrolon body","Virtually indestructible LED emitter regulated to maximize light output and runtime. Two output levels - high of 400 lumens for maximum light, and low of 15 lumens for extended runtime. Dual - output tailcap switch meets needs of LE - press for momentary - on high, click for constant - on high; return to off and press or click again for low. Precision micro - textured reflector creates smooth, optimized beam. Tough Nitrolon body, anodized aluminum bezel.","lighting",9,"https://www.amazon.com/SureFire-Flashlight-leading-click-switch-Enforcement/dp/B00U855UPM/ref=sr_1_3?s=sporting-goods&ie=UTF8&qid=1517279071&sr=1-3&keywords=Surefire",NULL,"https://images-na.ssl-images-amazon.com/images/I/81ZNx184gZL._SL1500_.jpg","https://www.amazon.com/SureFire-Flashlight-leading-click-switch-Enforcement/dp/B00U855UPM/ref=sr_1_3?s=sporting-goods&ie=UTF8&qid=1517279071&sr=1-3&keywords=Surefire#customerReviews"
60,"SureFire 6PX Series LED Flashlights","Virtually indestructible LED emitter regulated to maximize light output and runtime. Two output levels - high of 320 lumens for maximum light, and low of 15 lumens for extended runtime. Dual - output tailcap click switch--press for momentary - on low, click for constant - on low, return to off then press or click again for high. Precision micro - textured reflector creates smooth, optimized beam. High-strength aerospace aluminum body, Mil-Spec hard-anodized for extreme durability.","lighting",10,"https://www.amazon.com/SureFire-6PX-Series-LED-Flashlights/dp/B01JGT9Y3Y/ref=pd_sbs_200_3?_encoding=UTF8&pd_rd_i=B01JGT9Y3Y&pd_rd_r=PTADYJKVR0XTSX5YVW4D&pd_rd_w=nUMwT&pd_rd_wg=693gB&refRID=PTADYJKVR0XTSX5YVW4D",NULL,"http://cdn.surefire.com/media/catalog/product/cache/1/image/9df78eab33525d08d6e5fb8d27136e95/6/p/6px-tactical-angle.png","https://www.amazon.com/SureFire-6PX-Series-LED-Flashlights/dp/B01JGT9Y3Y/ref=pd_sbs_200_3?_encoding=UTF8&pd_rd_i=B01JGT9Y3Y&pd_rd_r=PTADYJKVR0XTSX5YVW4D&pd_rd_w=nUMwT&pd_rd_wg=693gB&refRID=PTADYJKVR0XTSX5YVW4D#customerReviews"
61,"SureFire E1B-MV Backup Flashlights with Dual Output LED with MaxVision Beam Technology","The sleek, compact E1B-MV has the broad max vision beam that is optimized for your field of vision with plenty of peripheral illumination. It is designed as an outstanding everyday-carry light for most any application. Click-type switch - partially press tail cap pushbutton for momentary-on high output; press further to click constant-on high. Return to off and press or click again within two seconds for low output. The brilliant 400-lumen high output beam provides a broad max vision beam that is optimized for your field of vision with plenty of peripheral illumination. The lumen low output is perfect for reading a map, checking an ID, or navigating in low light with minimal degradation to your dark-adapted vision. The backup can run at this level for 50 hours, a valuable feature for outdoor or emergency situations. A tough, lightweight mil-spec hard-anodized aluminum body protects the E1B-MV backup's sophisticated electronics, and its smooth contours minimize clothing snag and pressure points. A two-way clip allows head-up or head - down carry.","lighting",7,"https://www.amazon.com/SureFire-E1B-MV-Flashlights-MaxVision-Technology/dp/B06XY5F5FQ",NULL,"https://images-na.ssl-images-amazon.com/images/I/71ItpWlHpuL._SL1500_.jpg","https://www.amazon.com/SureFire-E1B-MV-Flashlights-MaxVision-Technology/dp/B06XY5F5FQ#customerReviews"
62,"Marmot Limestone 4P Tent","Zone Pre-Bend construction creates vertical interior walls, providing a big sleeping area and extra head room. One super- size double door and one rear D - shaped door with a large front vestibule allow you to easily get all of your gear inside for dry storage. Seam - taped, full-coverage fly with vents keeps out water but lets air in to keep conditions as comfortable as possible. Color-coded Easy Pitch clips and poles with pole sleeve-clip combination make pitching quick and simple. Lampshade pocket securely holds your headlamp, so you can use it to light up your living space. Catenary - cut floor with straight edges at the perimeter increases floor space and is seam - taped to help prevent leaks. Interior pockets keep small essentials neatly organized and within easy reach.","shelter",8,"https://www.rei.com/product/110892/marmot-limestone-4p-tent",NULL,"https://www.rei.com/media/8bda87e5-b334-4c38-bf34-86bbacc87c04?size=1020x510","https://www.rei.com/product/110892/marmot-limestone-4p-tent"
63,"REI Co-op Kingdom 4 Tent","Vertical walls and rectangular floor plan maximize livable space. Stable, freestanding 4 - person design; 2 hubbed pole assemblies, pole clips and sleeves. 2 huge doors with 4 zipper sliders. Bug-proof mesh paneling and doors. 1 vestibule / 1 weather-protective awning. Multiple interior storage options. Seam - sealed waterproof polyester fly. Seam - sealed, cut-in floor. Connect Tech zipper attachment lets you add more living space or storage with add - on accessories, sold separately. Includes backpack carry bag with pockets for poles and stakes, along with 8 stakes, 6 guylines with tighteners and a pole repair tube. Footprint and garage sold separately.","shelter",8,"https://www.rei.com/product/894015/rei-co-op-kingdom-4-tent",NULL,"https://www.rei.com/media/bdabe369-bb27-4007-b805-38fb3040fe37?size=1020x510","https://www.rei.com/product/894015/rei-co-op-kingdom-4-tent"
64,"REI Co-op Half Dome 2 Plus Tent","Improved pole architecture boosts liveable space; vertical side walls provide generous head and shoulder room. Mesh panels in upper portion of tent improve ventilation and views; ripstop panels in lower portion of tent provide privacy, reduce drafts and exposure to blowing dust/dirt. REI Exclusive tension-truss architecture creates stable vertical sidewalls for generous space and plenty of headroom. 2 large doors and 2 vestibules offer easy access and additional covered storage. Hubbed, color-coded pole assembly simplifies setup. Pockets and hang loops help organize the interior. When zipped open, doors stash out of the way in pockets just inside the door opening. Fly design allows sides and ends to be rolled up to maximize views and airflow; everything also rolls down quickly if a storm blows in. Fly has 4 ceiling vents that provide airflow to prevent condensation buildup. Includes guylines with tighteners, pole-repair tube, pole bag 8 stakes and stake bag. Fly/footprint minimalist pitch option lets you leave the tent at home and use the fly, poles and footprint(sold separately) as a lightweight shelter.","shelter",8,"https://www.rei.com/product/128692/rei-co-op-half-dome-2-plus-tent",NULL,"https://www.rei.com/media/987133a9-eb2a-4453-b507-27b2b7e2fe02?size=1020x510","https://www.switchbacktravel.com/reviews/rei-half-dome-2-tent"
65,"SOL Emergency Shelter Kit","The SOL Emergency Shelter contains everything you need to rig a lean-to shelter or tarp canopy to protect you from of the elements. Heavy-duty heat-reflective blanket reflects 90% of your body heat back to you to keep you warm. Measures 96 in.x 60 in.and is 2.5 - times thicker than the SOL Survival Blanket. Lightweight anodized aluminum stakes are just what you need to keep the shelter staked down. Includes four 96 in.lengths of reflective 2.5mm cord with glow -in -the - dark micro cord tensioners for setting up. Detailed emergency shelter rigging instructions are included.","shelter",7,"https://www.rei.com/product/100134/sol-emergency-shelter-kit",NULL,"https://www.rei.com/media/0f1a5d91-bb87-4010-a00e-53743c181fc4?size=1020x510","https://www.amazon.com/S-Survive-Outdoors-Longer-Emergency/dp/B00EVGD1IW#customerReviews"
66,"Kelty TraiLogic TN2 Tent","Stargazing Fly rolls back for unobstructed nighttime views and deploys easily for coverage—without exiting the tent—if the weather changes. Freestanding tent body features 2 doors, a color - coded clip design, taped floor seams, mesh wall panels, internal storage pockets and DAC Jake's Foot mini pole attachments. Rainfly features 2 vestibules, taped seams, DAC Jake's Foot attachments, airflow vents, welded clear windows, noiseless zipper pulls and guyout points. Includes aluminum DAC® Pressfit poles that feature a securely fixed, pressed-in ferrule, ensuring the poles will remain strong and reliable.","shelter",9,"https://www.rei.com/product/865452/kelty-trailogic-tn2-tent",NULL,"https://www.rei.com/media/9dfed588-027a-4428-8a72-2c76f83df6fd?size=1020x510","https://www.amazon.com/Kelty-TN-2-Person-Tent/dp/B00G6KURDI#customerReviews"
67,"Mountain House Chili Mac with Beef","Mountain House Chili Mac is the best way to enjoy real chili flavor with beef, beans and macaroni in a compact, vacuum packed, just-add-water pouch. Perfect for climbers, mountaineers and for those where space is a premium.","foodandhydration",10,"https://www.amazon.com/Mountain-House-Chili-Beef-Pro-Pak/dp/B000KDH4XS/ref=sr_1_3?s=sporting-goods&ie=UTF8&qid=1517905878&sr=1-3&keywords=mountain+house",NULL,"https://images-na.ssl-images-amazon.com/images/I/61Vr2xGq7mL._SL1200_.jpg","https://www.amazon.com/Mountain-House-Chili-Beef-Pro-Pak/dp/B000KDH4XS/ref=sr_1_3?s=sporting-goods&ie=UTF8&qid=1517905878&sr=1-3&keywords=mountain+house#customerReviews"
68,"Mountain House Lasagna with Meat Sauce","Imagine sitting at the summit of your next climb eating a hot, flavorful meal of Lasagna with Meat sauce while gazing on the landscape below. Made with pasta, cheese and a rich meat sauce, you can enjoy real Italian style flavor anywhere your adventures take you. Packed into a compact, vacuum sealed pouch, simply add hot water to the pouch and in about 8-10 minutes you’ll have a delicious meal.","foodandhydration",9,"https://www.amazon.com/Mountain-House-Lasagna-Sauce-Pro-Pak/dp/B000FXVBUK/ref=sr_1_5?s=sporting-goods&ie=UTF8&qid=1517905878&sr=1-5&keywords=mountain+house",NULL,"https://images-na.ssl-images-amazon.com/images/I/61C6JTu4KYL._SL1200_.jpg","https://www.amazon.com/Mountain-House-Lasagna-Sauce-Pro-Pak/dp/B000FXVBUK/ref=sr_1_5?s=sporting-goods&ie=UTF8&qid=1517905878&sr=1-5&keywords=mountain+house#customerReviews"
69,"ULTIMATE MRE, Meals Ready-to-Eat","Made to sustain US Military troops in combat, these are hands-down the best MREs available anywhere. Approximately 1250 calories per meal. Meals include a variety of tasty Asian, Mexican, Italian, traditional, and vegetarian cuisine. Includes a large assortment of snacks, deserts, coffee, cappuccino, milk shakes, and hot chocolate. Only Military MREs include an accessory pack with flavor enhancing seasonings, matches, toilet paper, and other survival essentials.","cooking",6,"https://www.amazon.com/ULTIMATE-Inspection-Western-Frontiers-Guarantee/dp/B01EDB3H2Y/ref=sr_1_3?s=sporting-goods&ie=UTF8&qid=1517906407&sr=1-3&keywords=mre",NULL,"https://images-na.ssl-images-amazon.com/images/I/91b87k7xpML._SL1500_.jpg","https://www.amazon.com/ULTIMATE-Inspection-Western-Frontiers-Guarantee/dp/B01EDB3H2Y/ref=sr_1_3?s=sporting-goods&ie=UTF8&qid=1517906407&sr=1-3&keywords=mre#customerReviews"
70,"Mountain House Just In Case...Essential Bucket","Convenient and easy-to-prepare, The Mountain House Essential assortment offers four pouches each of 3 entrees for backpacking, camping, emergency kits, and your long-term food storage. The clear, reusable bucket is an incredible solution to allowing these meals to be efficiently stored and organized for future times of need. From the Manufacturer Mountain House Just In Case long term buckets are easy to store buckets filled with our top selling items. These are perfect for emergency preparedness, camping, backpacking or at-home use.","foodandhydration",9,"https://www.amazon.com/Mountain-House-Just-Essential-Bucket/dp/B00955337I/ref=sr_1_9?s=sporting-goods&ie=UTF8&qid=1517905878&sr=1-9&keywords=mountain+house",NULL,"https://images-na.ssl-images-amazon.com/images/I/61882-xFPcL._SL1500_.jpg","https://www.amazon.com/Mountain-House-Just-Essential-Bucket/dp/B00955337I/ref=sr_1_9?s=sporting-goods&ie=UTF8&qid=1517905878&sr=1-9&keywords=mountain+house#customerReviews"
71,"Sea to Summit Delta Long-handled Spoon","For 2017, Sea to Summit's Delta Spoon has been stretched to a longer version.No more sticky knuckles as you stretch and scrape for the last morsels of food at the bottom of your food pack.","cooking",9,"https://www.amazon.com/Sea-Summit-Delta-Handled-Spoon/dp/B01LYZ0TQ1/ref=sr_1_12?s=sporting-goods&ie=UTF8&qid=1517906723&sr=1-12&keywords=long+handle+spoon",NULL,"https://images-na.ssl-images-amazon.com/images/I/41s4d09bDsL._SL1000_.jpg","https://www.amazon.com/Sea-Summit-Delta-Handled-Spoon/dp/B01LYZ0TQ1/ref=sr_1_12?s=sporting-goods&ie=UTF8&qid=1517906723&sr=1-12&keywords=long+handle+spoon#customerReviews"
72,"VICBAY 4 Pieces Stainless Steel Flatware Set","Always be ready for a meal on the go with this 4 piece stainless steel travel cutlery set featuring a spoon, fork, knife and chopsticks. The material is 304 ASTM standard food used stainless steel, no harm to human body. Whether you're traipsing around a city, hiking in the mountains, enjoying a picnic in the local park or on your lunch break at work, you can rely on these top-quality utensils wherever and whenever it's time to eat. Plus, having this durable cutlery set on standby ensures you won't have to settle for one of those flimsy plastic forks ever again. Presented in a stylish neoprene pouch, your cutlery will be kept clean and compactly stored throughout the day - so it won't rattle around in your bag. This cutlery is part of a unique new range of innovative travel kitchenware that's specially designed to be multi-purpose, lightweight, compact, durable and eco-friendly. No plastic knife, No plastic fork, No plastic chopsticks in your travel life anymore when you carry this 4pcs set, an effective way to save our earth.","cooking",8,"https://www.amazon.com/Cookware-Backpacking-Carrying-Lightweight-Aluminum/dp/B01MU938P5/ref=sr_1_5?s=sporting-goods&ie=UTF8&qid=1517906989&sr=1-5&keywords=camping+cutlery",NULL,"https://images-na.ssl-images-amazon.com/images/I/61WXeXf%2B3uL._SL1001_.jpg","https://www.amazon.com/Cookware-Backpacking-Carrying-Lightweight-Aluminum/dp/B01MU938P5/ref=sr_1_5?s=sporting-goods&ie=UTF8&qid=1517906989&sr=1-5&keywords=camping+cutlery#customerReviews"
73,"GM CLIMBING 8mm (5/16in) Accessory Cord Rope 19kN CE / UIAA","GM CLIMBING Double Braid Accessory Cord is in particular designated for outdoor recreation activities, like making prusik loop, lanyard, ice threads for climbing, arborist, mountaineering, caving, and etc. Supple in handling, flexible and easy to tie knots. High Abrasion Resistance!Double braid, braided core with braided cover, well elaborated rope construction to make the cord super firm, and this \"sturdy sheath\" gives it great abrasion resistance which guarantees long-life utilization. High resistance to moisture, low stretch and high strength!All is due to its all high tenacity polyester material.One more advantage adds to its excellent outdoor environment adaption. Light weight and compact, takes almost no space in your backpack and easy to carry on.Acts as a great helper for you in outdoor environment.You can find so many creative applications out of this versatile cord.","ropescordsaccessories",7,"https://www.amazon.com/gp/product/B01H5CY7SQ/ref=s9_acsd_topr_hd_bw_bEHEh_c_x_2_w?pf_rd_m=ATVPDKIKX0DER&pf_rd_s=merchandised-search-4&pf_rd_r=CXBN28CVGZDFYRD8M53E&pf_rd_t=101&pf_rd_p=bdd267f5-d9d4-572e-b519-4acabdeb02bc&pf_rd_i=3402851",NULL,"https://images-na.ssl-images-amazon.com/images/I/71Of%2BT7WUBL._SL1001_.jpg","https://www.amazon.com/gp/product/B01H5CY7SQ/ref=s9_acsd_topr_hd_bw_bEHEh_c_x_2_w?pf_rd_m=ATVPDKIKX0DER&pf_rd_s=merchandised-search-4&pf_rd_r=CXBN28CVGZDFYRD8M53E&pf_rd_t=101&pf_rd_p=bdd267f5-d9d4-572e-b519-4acabdeb02bc&pf_rd_i=3402851#crewReviews"
74,"TricornE-Spool Tool-Multifunctional Paracord Device","The Spool Tool is the most efficient, versatile, and compact way to keep your paracord ready for immediate use. While others are still fumbling with a rat’s nest of tangled cord you will have addressed the issue and neatly stored your Paracord; ready for the next emergency.","ropescordsaccessories",8,"https://www.amazon.com/Spool-Tool-Coyote-Ultimate-Paracord/dp/B00S8Q1JQC/ref=sr_1_1?s=sporting-goods&ie=UTF8&qid=1517907851&sr=1-1&keywords=paracord+cutter",NULL,"https://images-na.ssl-images-amazon.com/images/I/719LiUR%2BP-L._SL1500_.jpg","https://www.amazon.com/Spool-Tool-Coyote-Ultimate-Paracord/dp/B00S8Q1JQC/ref=sr_1_1?s=sporting-goods&ie=UTF8&qid=1517907851&sr=1-1&keywords=paracord+cutter#customerReviews"
75,"BladeMate Survival Hatchet: Hand Held Camping Axe","BladeMate: A Better Blade, By Your Side. BLADEMATE GUARANTEE – Lifetime satisfaction guaranteed or your money back, no questions asked. At BladeMate we value quality, dependability, and you, our customer. Our signature survival knife was crafted with these values in mind. No frills, no gimmicks, just an honest blade you can depend on. We take pride in our craft and we stand by our customers. This knife, just like all our products, comes equipped with a lifetime warranty. If you find any fault with our product, simply return it for a full refund or free replacement. No questions asked. Just like our knives, we at BladeMate are by your side. A great gift for a handyman, firefighter, police officer, first responder, camper, hiker, hunter, SOG enthusiast, or soldier…or for yourself, to keep close by in your glove compartment. BladeMate is a veteran owned company. Proud to have served our country. Proud to serve you.","knivesandblades",6,"https://www.amazon.com/BladeMate-Survival-Camping-Hatchet-Tactical/dp/B073VD1TKT/ref=sr_1_15?ie=UTF8&qid=1517272809&sr=8-15&keywords=hatchet",NULL,"https://images-na.ssl-images-amazon.com/images/I/71Mw6QVJBLL._SL1500_.jpg","https://www.amazon.com/BladeMate-Survival-Camping-Hatchet-Tactical/dp/B073VD1TKT/ref=sr_1_15?ie=UTF8&qid=1517272809&sr=8-15&keywords=hatchet#customerReviews"
76,"Husqvarna 13\" Wooden Hatchet","Husqvarna provides a wide range of wooden axes for different kinds of work. These axes are forged in Sweden from Swedish axe steel with a consistently high quality. With good maintenance, your axe will last for a long time. Don't store in too warm conditions, since the handle might shrink.Always dry of dirt and moisten before putting the axe cover on. If the axe is put away for a longer time, grease it to prevent rust.","knivesandblades",5,"https://www.amazon.com/Husqvarna-576926301-13-Wooden-Hatchet/dp/B00HC077GQ/ref=sr_1_10?ie=UTF8&qid=1517272809&sr=8-10&keywords=hatchet",NULL,"https://images-na.ssl-images-amazon.com/images/I/51UxImI-1pL._SL1024_.jpg","https://www.amazon.com/Husqvarna-576926301-13-Wooden-Hatchet/dp/B00HC077GQ/ref=sr_1_10?ie=UTF8&qid=1517272809&sr=8-10&keywords=hatchet#customerReviews"
77,"24\" TACTICAL SURVIVAL ZOMBIE MACHETE","24\" Green Katana Samurai Sword Machete Steel Blade A very fine katana samurai sword machete. It has black stainless steel with blue tone blade, half serrated teeth back. This is full tang with black cord wrapped. It has black biohazard back carry sheath. Overall Length : 24.00 inches Blade Lenght : 16.75 Inches Handle Material : Black cord wrap Blade Material : Sharp stainless steel Black carrying sheath Comes in a Z-Hunter case Brand New","knivesandblades",10,"https://www.amazon.com/TACTICAL-SURVIVAL-Fixed-Blade-MACHETE/dp/B01AD3D1FO/ref=sr_1_35?s=hunting-fishing&ie=UTF8&qid=1517277236&sr=1-35&keywords=hatchet",NULL,"https://images-na.ssl-images-amazon.com/images/I/61LJb6lav-L._SL1000_.jpg","https://www.amazon.com/TACTICAL-SURVIVAL-Fixed-Blade-MACHETE/dp/B01AD3D1FO/ref=sr_1_35?s=hunting-fishing&ie=UTF8&qid=1517277236&sr=1-35&keywords=hatchet#customerReviews"
78,"Helenbac Signal Mirror","Heliography is the use of the sun’s light to transmit messages dating back to ancient Greek & Roman times. This mirror is made of ¼” laminated glass, and instructions are printed on the back. The sighting hole features a special reflectorized screen that directs a beam of sunlight onto the target. Reflect sunlight from mirror onto a nearby surface (raft, hand etc.) Slowly bring mirror up to eye level and look through sighting hole. You will see a bright spot: this is the aim indicator. Hold mirror close to the eye and slowly turn and manipulate it so that the bright light spot is on the target. Even if no potential rescuers are in sight, continue sweeping the horizon or other possible rescuer locations, as mirror flashes can be seen for distances up to 20 miles.","signaling",8,"https://www.amazon.com/Helenbac-Signal-Mirror/dp/B001MZ2EHO/ref=sr_1_1?s=sporting-goods&ie=UTF8&qid=1517279022&sr=1-1&keywords=signal+mirror",NULL,"https://images-na.ssl-images-amazon.com/images/I/419N82CSRiL.jpg","https://www.amazon.com/Helenbac-Signal-Mirror/dp/B001MZ2EHO/ref=sr_1_1?s=sporting-goods&ie=UTF8&qid=1517279022&sr=1-1&keywords=signal+mirror#customerReviews"
79,"Glock 17 Ameriglo Night Sights","Designed for professionals, the GLOCK 17, in 9x19, is the most widely used law enforcement pistol worldwide. Because of its unsurpassed reliability, above-average magazine capacity of 10 rounds in the standard magazine, and its low weight, it is trusted by law enforcement officers around the globe. With our revolutionary \"Safe Action\" trigger system, the G17 9x19 pistol is safe, easy, and quick - just what you need in high-pressure situations.","defense",9,"https://www.turners.com/glock/glock-17-rtf-9mm-45-barrel-ame-475794",NULL,"http://cdn0.thetruthaboutguns.com/wp-content/uploads/2012/10/P1180828-900x601.jpg","http://www.thefirearmblog.com/blog/2016/04/29/glock-17-gen-3-long-term-review/"
80,"Kimber Custom II .45ACP 5\" Barrel","Kimber Custom Two-Tone  II 1911 Pistols combine precision craftsmanship with hair-splitting accuracy. Stainless steel match-grade barrels and bushings are held to exacting tolerances for superior consistency, and the crisp aluminum match-grade triggers ship from the factory at 4-5 lbs. High-grade internal parts deliver a lifetime of flawless performance. Full-size eye-catching grips, intricate slide serrations and a super-smooth finish make these pistols look just as good as they shoot. Kimber Firing Pin Safety™ adds an extra margin of confidence. Chamber Indicator Port® allows you to see the shell casing through the slot at the rear end of the barrel when a round is chambered. High-ride beavertail grip safety, extended thumb safety, checkered side release and Commander-style hammer. Brushed polished carbon slide, stainless frame and rosewood grips.","defense",10,"https://www.turners.com/kimber/kimber-custom-ii-45acp-5-barre-273956",NULL,"http://thetruthaboutguns.com/wp-content/uploads/2011/06/Kimber_Custom_II_Left_Blog.jpg","http://www.guns.com/review/gun-review-kimber-custom-ii-45-acp-1911-pistol/"
81,"Ruger 10/22 Blued/Synthetic .22LR 18.5\" Barrel Scope Combo","Weaver™ 3-9x40 scope featuring a Dual-X reticle. Patented, detachable 10 - round rotary magazine features a unique rotor to separate cartridges and provide reliable feeding. Legendary action, a tried and true Ruger design, ensures consistent, reliable performance. Cold hammer - forged barrel is locked into the receiver by a unique, two-screw, V-block system.                 Positive, push-button, cross-bolt manual safety. Combination scope base adapter for both Weaver-style and .22 tip-off scope mounts included. Easy - to - use extended magazine release provides smooth, no-fuss removal of flush-mounted magazine. Heat - stabilized, glass-filled, polymer trigger housing assembly is precision made of high-tech material for improved manufacturing tolerances, impact and abrasion-resistance and an unmatched ability to withstand the elements.","defense",10,"https://www.turners.com/ruger/ruger-10/22-blued/synthetic-22-658879",NULL,"https://www.ruger.com/products/1022Carbine/images/top.jpg","http://www.gunsandammo.com/reviews/ruger-1022-review/"
82,"Remington 700 Magpul 5-R 308Win Threaded 22\" Barrel","Remington rifles built on the Model 700 action have made their mark from the front lines of combat to the firing lines of local shooting ranges. Adding to that reputation of tactical superiority in 2017, we proudly introduce the Remington Model 700 Magpul.","defense",9,"https://www.turners.com/remington/remington-700-magpul-5-r-308wi-462075",NULL,"https://i0.wp.com/rifleshooter.com/wp-content/uploads/2017/02/Remington-Model-700-MAGPUL-review-260-6.jpg?w=2000&ssl=1","https://rifleshooter.com/2017/02/remington-model-700-magpul-review/"
83,"The Zombie Survival Guide","The Zombie Survival Guide is your key to survival against the hordes of undead who may be stalking you right now. Fully illustrated and exhaustively comprehensive, this book covers everything you need to know, including how to understand zombie physiology and behavior, the most effective defense tactics and weaponry, ways to outfit your home for a long siege, and how to survive and adapt in any territory or terrain.","emergencyandsurvival",10,"https://www.amazon.com/Zombie-Survival-Guide-Complete-Protection/dp/1400049628",NULL,"https://images-na.ssl-images-amazon.com/images/I/51P-197df6L.jpg","https://www.amazon.com/Zombie-Survival-Guide-Complete-Protection/dp/1400049628#customerReviews"
84,"MSR Strike Igniter","More reliable than a lighter because moisture and pressure don't affect performance. Produces 5, 500°F sparks that light stoves quickly. Lasts for 3, 000 to 12, 000 strikes—far more than average lighters. Like many MSR Stove accessories, it has a built-in bottle opener.","firestarters",8,"https://www.rei.com/product/101108/msr-strike-igniter",NULL,"https://www.rei.com/media/d31deaf0-e63d-4e01-9609-83c1bb71c994?size=1020x510","http://www.trailspace.com/gear/msr/strike-igniter/"
85,"Marmot Limelight 3P Tent with Footprint","Large double door and rear D-shaped door lead to 2 vestibules to keep your gear dry in wet weather. DAC Press - Fit poles and Velocity aluminum 7000 ridge pole are simple to set up; Body Zone pre-bends create vertical walls for a more spacious living area. Color-coded Easy Pitch clips and poles; strategic clip placement enhances interior volume. Seam-taped, full-coverage fly with vents. Seam-taped, catenary cut floor. Interior pockets for small - gear organization; Lamp Shade pocket securely holds your headlamp to provide ambient light. Jingle - free nylon zipper pulls. Footprint included.","shelter",9,"https://www.rei.com/product/895812/marmot-limelight-3p-tent-with-footprint",NULL,"https://www.rei.com/media/80c49bb0-4bf1-46fe-8ad9-99a0dfa27611?size=1020x510","https://www.amazon.com/Marmot-Unisex-Limelight-Cinder-Rusted/dp/B0176X87CQ#customerReviews"
86,"Smith & Wesson M+P15 Sport II 5.56MM 16\" Barrel","Built to perform multiple uses under various conditions, M&P15 Rifles are as versatile as they are reliable. Engineered for a wide variety of recreational, sport shooting and professional applications, M&P15 Rifles are easy to accessorize, but hard to put down. M&P15 Rifles are lightweight and rugged embodying the best combination of function and form.","defense",9,"https://www.turners.com/smith-and-wesson/smith--wesson-mp15-sport-ii-55-472441",NULL,"https://www.tombstonetactical.com/images/smith-wesson/10202-LE-1-large.jpg","http://www.thetruthaboutguns.com/2011/06/benjamin-t-shotzberger/%EF%BB%BF-gun-review-smith-and-wesson-mp15-sport/"
87,"Magellan Triton 1500 Waterproof Hiking GPS","An Interactive Experience: 2.7\" (6.9 cm) full-color display and the worlds first handheld GPS touch-screen. Entertainment Must - Haves: Triton 1500 customers can view photos and listen to MP3 files and audio books at night. Record and Remember: Embedded speaker and microphone make it easy to record audio files. Light a Clear Path: An embedded LED flashlight provides added safety and convenience at night. Memory Boost: Storing data, including additional maps, MP3 files, photos, terrain.","gpsandcompass",5,"https://www.amazon.com/Magellan-Triton-1500-Waterproof-Hiking/dp/B000V4S6Y2/ref=sr_1_9?s=electronics&ie=UTF8&qid=1517911332&sr=1-9&keywords=handheld+gps",NULL,"https://images-na.ssl-images-amazon.com/images/I/8169oUe7DKL._SL1500_.jpg","https://www.amazon.com/Magellan-Triton-1500-Waterproof-Hiking/dp/B000V4S6Y2/ref=sr_1_9?s=electronics&ie=UTF8&qid=1517911332&sr=1-9&keywords=handheld+gps#customerReviews"
88,"CMMG Official US Military Tritium Lensatic Compass","The Tritium Lensatic Compass is built to the demanding specification MIL-PRF-10436N. Battle tested through rigorous shock, water, sand proof, and functional from -50o F to +150o F. Seven Tritium Micro Lights allow for navigation in low-light conditions, without the need for a flashlight or any other light source. Tritium Micro Lights remain luminous for over twelve years, maintenance-free. Equipped with a magnifying lens, sight wire, and dial graduations in both degrees and mils to ensure accurate readings. The Copper Induction Damping System slow the rotation of the magnet without the use of liquids. Built to last with an aluminum frame and waterproof housing. The Cammenga compass is depended on by fighting forces, government agencies, and adventurous outdoor enthusiasts around the world.","gpsandcompass",9,"https://www.amazon.com/Official-Military-Tritium-Lensatic-Compass/dp/B001W2CJX6",NULL,"https://images-na.ssl-images-amazon.com/images/I/91Tb82SyIcL._SL1500_.jpg","https://www.amazon.com/Official-Military-Tritium-Lensatic-Compass/dp/B001W2CJX6#customerReviews"
89,"Eyeskey Multifunctional Military Army Aluminum Alloy Compass","Thermo-elastic liquid-filled capsule with floating dial. Rotating bezel ring. Built -in bubble level. Tripod screw hole on base. Adjustable diopter sighting lens. Sighting lines on cover. Conversion chart for angle, gradient & distance on back plate. Heavy - duty and sturdy.","gpsandnavigation",7,"https://www.amazon.com/Eyeskey-Multifunctional-Military-Waterproof-Activities/dp/B00QR3LOO0/ref=lp_10208058011_1_13?s=outdoor-recreation&ie=UTF8&qid=1517911608&sr=1-13",NULL,"https://images-na.ssl-images-amazon.com/images/I/61tPCeAI%2BzL._SL1000_.jpg","https://www.amazon.com/Eyeskey-Multifunctional-Military-Waterproof-Activities/dp/B00QR3LOO0/ref=lp_10208058011_1_13?s=outdoor-recreation&ie=UTF8&qid=1517911608&sr=1-13#customerReviews"
90,"Uniden BC125AT: Public Safety, Military Aircraft, Racing Scanner","Listen in and stay informed with the Uniden BC125AT Compact Bearcat Handheld Scanner. This sophisticated scanner with 500 alpha-tagged channels boasts a convenient compact design and loads of features. Close Call RF capture technology instantly tunes to signals from nearby transmitters and the Do Not Disturb Mode prevents Close Call checks during a transmission. With this Bearcat scanner, you can listen to military and civilian air bands. You can also get important weather and safety alerts.","emergencyandsurvival",8,"https://www.amazon.com/Uniden-BC125AT-Military-Aircraft-Channels/dp/B00772MR0K/ref=sr_1_56?s=outdoor-recreation&ie=UTF8&qid=1517911917&sr=1-56",NULL,"https://images-na.ssl-images-amazon.com/images/I/71r%2BkDAK2BL._SL1500_.jpg","https://www.amazon.com/Uniden-BC125AT-Military-Aircraft-Channels/dp/B00772MR0K/ref=sr_1_56?s=outdoor-recreation&ie=UTF8&qid=1517911917&sr=1-56#customerReviews"
91,"Garmin eTrex 20x","Greater resolution with 240 x 320 display pixels for improved readability. Internal memory expanded to hold more maps. High - sensitivity, WAAS-enabled GPS receiver with HotFix and GLONASS support. 2.2 - inch color display. Worldwide basemap with shaded relief.","gpsandnavigation",7,"https://www.amazon.com/Garmin-010-01508-00-eTrex-20x/dp/B00XQE6ZFG/ref=sr_1_85?s=outdoor-recreation&ie=UTF8&qid=1517912016&sr=1-85",NULL,"https://images-na.ssl-images-amazon.com/images/I/81Dg74xfbOL._SL1500_.jpg","https://www.amazon.com/Garmin-010-01508-00-eTrex-20x/dp/B00XQE6ZFG/ref=sr_1_85?s=outdoor-recreation&ie=UTF8&qid=1517912016&sr=1-85#customerReviews"
92,"Kershaw Brawler (1990) Folding Pocket Knife","The Brawler starts with a modified tanto blade—a shape often found in tactical and rescue knives that may be required to punch through tough materials. The tanto is an ideal shape for these piercing tasks because there is plenty of metal to support the point, making it stronger than many other blade shapes. You’ll notice that the top of the Brawler’s blade has a grind, too. This is called a swedge; it helps narrow the blade, adding to its piercing power.","knivesandblades",7,"https://www.amazon.com/Kershaw-Back-Oxide-High-Performance-Glass-Filled-Reversible/dp/B005UE6GRC/ref=sr_1_4?ie=UTF8&qid=1517272476&sr=8-4&keywords=kershaw",NULL,"https://images-na.ssl-images-amazon.com/images/I/41ylWXC-ZSL.jpg","https://www.amazon.com/Kershaw-Back-Oxide-High-Performance-Glass-Filled-Reversible/dp/B005UE6GRC/ref=sr_1_4?ie=UTF8&qid=1517272476&sr=8-4&keywords=kershaw#customerReviews"
93,"Mountain House Beef Stroganoff with Noodles","Mountain House Beef Stroganoff is hands down one of the most popular meals we make. Made with real pieces of tender beef, savory mushrooms and onions in a creamy sauce, one bite will make you a believer. No longer do you need to waste time cleaning pots and pans after a meal. Simply add hot water to the pouch and in about 8-10 minutes you’ll have a delicious meal you can eat anywhere! Vacuum Sealed for compactness and so it won’t expand at altitude, our Pro-Paks are perfect for climbing and high altitude adventures","foodandhydration",8,"https://www.amazon.com/Mountain-House-Stroganoff-Noodles-Pro-Pak/dp/B000RHEMDM/ref=sr_1_6?ie=UTF8&qid=1517912893&sr=8-6&keywords=camping+food",NULL,"https://images-na.ssl-images-amazon.com/images/I/714Zh53UFrL._SL1200_.jpg","https://www.amazon.com/Mountain-House-Stroganoff-Noodles-Pro-Pak/dp/B000RHEMDM/ref=sr_1_6?ie=UTF8&qid=1517912893&sr=8-6&keywords=camping+food#customerReviews"
94,"InstaFire Granulated Fire Starter","Naturally insulated to burn directly on top of water, sleet, snow, ice or anywhere else. Once lit, will sustain winds up to 30 mph and burns up to 1000 degrees Fahrenheit. Long burn time, 25 minutes per pouch. Unlike cubes or fuel-based lighters, this lighter is made from recycled wood, volcanic rock, and a new, patented blend of food-grade paraffin wax. Leftover ash serves as a natural fertilizer. No lighter fluids or starters needed. No risk of unexpected fires or flare-ups. 30 year shelf life and stores safely near food, pets and children. One of the top emergency preparedness accessories to keep on hand.","firestarters",9,"https://www.amazon.com/InstaFire-Granulated-Starter-Natural-Eco-Friendly/dp/B008Y5AAKS/ref=sr_1_8_acs_twc_TWC1046_1?s=sporting-goods&ie=UTF8&qid=1517913053&sr=1-8-acs&keywords=fire+starter&tag=ospsearch-20&ascsubtag=TWC1046",NULL,"https://images-na.ssl-images-amazon.com/images/I/71c4E8zhN3L._SL1001_.jpg","https://www.amazon.com/InstaFire-Granulated-Starter-Natural-Eco-Friendly/dp/B008Y5AAKS/ref=sr_1_8_acs_twc_TWC1046_1?s=sporting-goods&ie=UTF8&qid=1517913053&sr=1-8-acs&keywords=fire+starter&tag=ospsearch-20&ascsubtag=TWC1046#customerReviews"
95,"Lodge Cast Iron Skillet with Red Silicone Hot Handle Holder","Hailed as an essential kitchen tool by the country's leading chefs and publications, the Lodge cast iron skillet is crafted to cook memorable meals for generations. As the only full line of American-made cast iron cookware, Lodge boasts quality that has been unmatched for over a century.Home cooks love Lodge for the even heating and natural, easy-release finish.Outdoorsmen love the versatility and durability.Everyone loves the value of cookware that performs for decades.At Lodge, we don’t just make cast iron; we make heirlooms that bring people together for generations.","cooking",10,"https://www.amazon.com/Lodge-Skillet-Silicone-Handle-12-inch/dp/B00G2XGC88/ref=sr_1_3_acs_twc_TWC11688_1?s=sporting-goods&ie=UTF8&qid=1517914518&sr=1-3-acs&keywords=cast+iron+skillet&tag=ospsearch-20&ascsubtag=TWC11688",NULL,"https://images-na.ssl-images-amazon.com/images/I/61arCbDITZL._SL1500_.jpg","https://www.amazon.com/Lodge-Skillet-Silicone-Handle-12-inch/dp/B00G2XGC88/ref=sr_1_3_acs_twc_TWC11688_1?s=sporting-goods&ie=UTF8&qid=1517914518&sr=1-3-acs&keywords=cast+iron+skillet&tag=ospsearch-20&ascsubtag=TWC11688#customerReviews"
96,"5.11 TacLite Pro Pants","All but invincible, the Taclite® Pro Pant provides outstanding comfort and performance in almost any activity, recreational, operational, or otherwise. Few things in life are this reliable. Or this useful. Lightweight, durable Taclite® fabric. Gussetted construction for flexibility and strength. Extra pockets sized for tactical use.
","clothing",9,"https://www.amazon.com/5-11-Tactical-Taclite-Pants-40Wx30L/dp/B001NEVKBK/ref=sr_1_4?ie=UTF8&qid=1518000858&sr=8-4&keywords=5.11+taclite+pants",NULL,"https://images-na.ssl-images-amazon.com/images/I/81CRzT0AeiL._SL1500_.jpg","https://www.amazon.com/5-11-Tactical-Taclite-Pants-40Wx30L/dp/B001NEVKBK/ref=sr_1_4?ie=UTF8&qid=1518000858&sr=8-4&keywords=5.11+taclite+pants#customerReviews"
97,"Legendary Whitetails Men's Canvas Jacket","Built tough to work hard and play even harder! Stay warm and dry with the heavy duty water resistant 10 oz. sanded canvas that's washed down for a comfortable fit right off the bat. Features plenty of hollow fill insulation, heavy duty zipper with storm flap, double interior pocket, and zip-off hood. Big Game Camo accents and embroidered Signature Buck logo. Heavy Duty 10 oz. sanded canvas. 210 grams of insulation.","clothing",9,"https://www.amazon.com/Legendary-Whitetails-Canvas-Workwear-X-Large/dp/B01LWIVJPG/ref=sr_1_5?ie=UTF8&qid=1518021034&sr=8-5&keywords=hunting%2Bjacket&th=1",NULL,"https://images-na.ssl-images-amazon.com/images/I/913feMtjJLL._SL1500_.jpg","https://www.amazon.com/Legendary-Whitetails-Canvas-Workwear-X-Large/dp/B01LWIVJPG/ref=sr_1_5?ie=UTF8&qid=1518021034&sr=8-5&keywords=hunting%2Bjacket&th=1#customerReviews"
98,"Legendary Whitetails Women's Polar Trail Pro Series Winter Jacket","Killer looks are just the beginning when it comes to this insulated jacket! The durable polyester blend shell with nylon Reflextec™ lining and a breathable, water resistant membrane is sure to provide you protection from the elements. We've added in zippered under arm vents, a removable hood, adjustable cuffs, 6 pockets, and a Signature Buck embroidery to suit the adventurer in you. Perfect for ice fishing, snowmobiling, sporting events, and any other extreme cold weather activities.","clothing",8,"https://www.amazon.com/Legendary-Whitetails-Womens-Winter-Jacket/dp/B00FORX1YQ/ref=sr_1_3?s=sports-and-fitness&ie=UTF8&qid=1518021424&sr=1-3&keywords=women+cold+weather+jacket",NULL,"https://images-na.ssl-images-amazon.com/images/I/81AnKmPnkhL._SL1500_.jpg","https://www.amazon.com/Legendary-Whitetails-Womens-Winter-Jacket/dp/B00FORX1YQ/ref=sr_1_3?s=sports-and-fitness&ie=UTF8&qid=1518021424&sr=1-3&keywords=women+cold+weather+jacket#customerReviews"
99,"PIG Full Dexterity Tactical (FDT) Alpha Gloves","If you’ve ever worn tactical gloves while shooting and wished for something better… your wish is now reality. We're proud to announce that the New PIG FDT Alpha Gloves now feature Touch Screen conductive synthetic suede on the index finger and thumb. The PIG FDT Alpha Glove continues to offer all the ground-breaking dexterity and sensitivity as previous models, with the latest and greatest in conductive textile technologies. Other features include: Bar-Tacked Para Cord Pull Loop... YES, NOW BAR-TACKED, Short Cuff - lightweight comfort and convenience, Micro Suede Nose Wipe - fights against cold-weather drip, Ventilation holes in palms and fingers - increased wicking, Isolated Edge Padding - protection without compromising the shooting grip, Wrap-Over Finger Tips - provides additional comfort and protection for finger nails, Stretch Ballistic Nylon 1000D Padded Knuckles - Stretch ballistic nylon reduces pressure on the seams, thin padding takes the edge off of impacts. At the end of the day, the PIG FDT-Alpha Gloves are a consumable product that will provide the user with the best tactile dexterity available in a tactical glove, and should be worn to destruction, then discarded and replaced. Please try them on and inspect them thoroughly for fit and finish before removing from the hangtag, but be forewarned, you will not want to take them off. We also offer this glove in a Women's version, the PIG FDT Charlie Glove made from gender-specific hand patterns for the ultimate dexterity for the women in your life!","clothing",10,"https://www.amazon.com/PIG-Dexterity-Tactical-Alpha-Gloves/dp/B00KFOJO8K/ref=sr_1_4?s=apparel&ie=UTF8&qid=1518021829&sr=1-4&nodeID=7141123011&psd=1&keywords=shooting+gloves",NULL,"https://images-na.ssl-images-amazon.com/images/I/61wmQwFRcBL._SL1100_.jpg","https://www.amazon.com/PIG-Dexterity-Tactical-Alpha-Gloves/dp/B00KFOJO8K/ref=sr_1_4?s=apparel&ie=UTF8&qid=1518021829&sr=1-4&nodeID=7141123011&psd=1&keywords=shooting+gloves#customerReviews"
100,"5.11 Tactical Tack9 Gloves","High performance K9 handler gloves. Contact reinforcements enhance rope control","clothing",8,"https://www.amazon.com/5-11-59360-P-Tactical-Tack9-Gloves/dp/B00DI6US5K/ref=pd_sbs_200_4?_encoding=UTF8&pd_rd_i=B00DI6US5K&pd_rd_r=3MHJE2GRY45ZG0TVJH6F&pd_rd_w=UJozs&pd_rd_wg=jSuaL&refRID=3MHJE2GRY45ZG0TVJH6F",NULL,"https://images-na.ssl-images-amazon.com/images/I/91TRTzTqX8L._SL1500_.jpg","https://www.amazon.com/5-11-59360-P-Tactical-Tack9-Gloves/dp/B00DI6US5K/ref=pd_sbs_200_4?_encoding=UTF8&pd_rd_i=B00DI6US5K&pd_rd_r=3MHJE2GRY45ZG0TVJH6F&pd_rd_w=UJozs&pd_rd_wg=jSuaL&refRID=3MHJE2GRY45ZG0TVJH6F#customerReviews"
101,"Carhartt Men's W.P. Waterproof Insulated Glove","Shell: 100% Polyester; Palm: 100% Polyurethane; Lining: 100% Polyester.
Durable polytex shell.
FastDry® technology lining wicks away sweat for comfort.
Waterproof insert. Imported.
Reinforced polyurethane (PU) palm. Sweat Wicking.","clothing",7,"https://www.amazon.com/Carhartt-Waterproof-Insulated-Glove-black/dp/B06XSZ3RWZ/ref=sr_1_4?s=sporting-goods&ie=UTF8&qid=1518022208&sr=1-4&keywords=gloves",NULL,"https://images-na.ssl-images-amazon.com/images/I/81HEGvGJWaL._UL1500_.jpg","https://www.amazon.com/Carhartt-Waterproof-Insulated-Glove-black/dp/B06XSZ3RWZ/ref=sr_1_4?s=sporting-goods&ie=UTF8&qid=1518022208&sr=1-4&keywords=gloves#customerReviews"
102,"Tomily Fleece Windproof Gloves","These gloves are great for any occasion. Use them for driving or for cold days. Fleece lined.","clothing",9,"https://www.amazon.com/Tomily-Womens-Screen-Fleece-Windproof/dp/B017D080HE/ref=sr_1_4?ie=UTF8&qid=1518022705&sr=8-4&keywords=womens+gloves",NULL,"https://images-na.ssl-images-amazon.com/images/I/51tu7TOfAML._UX522_.jpg","https://www.amazon.com/Tomily-Womens-Screen-Fleece-Windproof/dp/B017D080HE/ref=sr_1_4?ie=UTF8&qid=1518022705&sr=8-4&keywords=womens+gloves#customerReviews"
103,"Carhartt Men's Acrylic Knit Hat A205","100% Acrylic, Made in the USA. 6\" high, 6\"wide. One Size Fits All","clothing",9,"https://www.amazon.com/dp/B003E7GUZU?ref=emc_b_5_i",NULL,"https://images-na.ssl-images-amazon.com/images/I/91DYh3DwiOL._UX342_.jpg","https://www.amazon.com/dp/B003E7GUZU?ref=emc_b_5_i#customerReviews"
104,"CamelBak Chute 1L Water Bottle","Eastman Tritan Copolyester. Angled spout provides an ergonomic drink interface that delivers a high flow of water without sloshing or spilling. Spout cap snaps into handle to prevent it from getting in the way when drinking. Handle designed to comfortably carry a full bottle with two fingers. Half turn cap gives you easy access to your water.","foodandhydration",8,"https://www.amazon.com/Camelbak-Products-Bottle-Charcoal-1-Liter/dp/B00EPGMN1E/ref=sr_1_4?s=sports-and-fitness&ie=UTF8&qid=1518023269&sr=1-4&keywords=water+bottle",NULL,"https://images-na.ssl-images-amazon.com/images/I/71GIHoL-cGL._SL1500_.jpg","https://www.amazon.com/Camelbak-Products-Bottle-Charcoal-1-Liter/dp/B00EPGMN1E/ref=sr_1_4?s=sports-and-fitness&ie=UTF8&qid=1518023269&sr=1-4&keywords=water+bottle#customerReviews"
105,"CamelBak ThermoBak 3.0 Liter Hydration System","The original Camelbak product, continuously improved and upgraded, then battle-tested by hundreds of thousands of troops worldwide. Includes 100 oz (3 L) MIL spec antidote reservoir long with quick link. More than just a reservoir, the MIL spec antidote reservoir redefines the ultimate delivery system for an Operator's water supply and provides maximum adaptability for changing missions or combat environments. Includes the quick link exit Port and ql hydrolock Bite valve adapter: tube clicks off for faster refilling with auto shut-off; new fill Port: industry's largest opening with air-light 1/4 turn open/close for quick, secure seal that can't be over-tightened; lighter-weight, lower-profile design. Quick-release shoulder straps unclip for easy removal and storage inside back panel stash pocket, use D-ring attachment points to add to any Armor vest or pack with MOLLE, fully-insulated reservoir compartment using 7 mm closed cell foam, add or remove name Tags and unit badges quickly with integrated hook-and-loop, external fill for rapid Refill without having to remove reservoir from pack, 500D corduroy fabric.","foodandhydration",9,"https://www.amazon.com/Camelbak-ThermoBak-Antidote-Hydration-Backpack/dp/B00VXD1PA2/ref=pd_sim_200_74?_encoding=UTF8&pd_rd_i=B00VXD1PA2&pd_rd_r=MT2ZAV417MMT38NG7YCK&pd_rd_w=uxREd&pd_rd_wg=D7gXK&psc=1&refRID=MT2ZAV417MMT38NG7YCK",NULL,"https://images-na.ssl-images-amazon.com/images/I/9150Ff4VIAL._SL1500_.jpg","https://www.amazon.com/Camelbak-ThermoBak-Antidote-Hydration-Backpack/dp/B00VXD1PA2/ref=pd_sim_200_74?_encoding=UTF8&pd_rd_i=B00VXD1PA2&pd_rd_r=MT2ZAV417MMT38NG7YCK&pd_rd_w=uxREd&pd_rd_wg=D7gXK&psc=1&refRID=MT2ZAV417MMT38NG7YCK#customerReviews"
106,"First Aid Kit - 163 Piece Waterproof Portable","Small and lightweight so you can carry it with you anywhere you go, or leave it at home, or in your car. Complete so you have the emergency essentials you need and want. Comes in a durable soft bag that doesn't break apart.","firstaid",9,"https://www.amazon.com/First-Aid-Kit-Waterproof-Essential/dp/B01E7KBHSM/ref=sr_1_13?ie=UTF8&qid=1518024069&sr=8-13&keywords=first+aid+kit",NULL,"https://images-na.ssl-images-amazon.com/images/I/91p5Ka-CyLL._SL1500_.jpg","https://www.amazon.com/First-Aid-Kit-Waterproof-Essential/dp/B01E7KBHSM/ref=sr_1_13?ie=UTF8&qid=1518024069&sr=8-13&keywords=first+aid+kit#customerReviews"
107,"5.11 Tactical Women's Taclite Pro Pants","Action waistband, fully gusseted crotch, triple-stitching with bartacking at major seams and stress points. Seven pockets, including strap-and-slash pockets. Double-reinforced seat and knees (kneepad ready). YKK® zippers, Prym® snaps, hip-mounted D-ring. Teflon finish for stain and soil resistance.","clothing",9,"https://www.amazon.com/5-11-Tactical-Womens-Taclite-Regular/dp/B003HHV3OK/ref=sr_1_5?ie=UTF8&qid=1518024575&sr=8-5&keywords=womens+tactical+pants",NULL,"https://images-na.ssl-images-amazon.com/images/I/51EIg8ELsXL._SL1000_.jpg","https://www.amazon.com/5-11-Tactical-Womens-Taclite-Regular/dp/B003HHV3OK/ref=sr_1_5?ie=UTF8&qid=1518024575&sr=8-5&keywords=womens+tactical+pants#customerReviews"
108,"Vortex Optics DIAMONDBACK® BINOCULARS","The Diamondback binocular defines the price vs performance ratio in the world of optics. An astoundingly efficient and high-performing optical system with enhanced, dielectric fully multi-coated lenses, serves up stunning views and impressive low-light performance—critical attributes when working to glass up and evaluate game. And with their ultra-wide, best-in-class, field of view, you can effortlessly cover ground and acquire subjects with ease.","optics",9,"https://www.amazon.com/Vortex-Optics-Diamondback-Prism-Binoculars/dp/B0192GJLMU/ref=sr_1_4?s=sporting-goods&ie=UTF8&qid=1518025476&sr=1-4&keywords=vortex%2Bbinoculars&th=1&psc=1",NULL,"https://images-na.ssl-images-amazon.com/images/I/A1b-G5h1-GL._SL1500_.jpg","https://www.amazon.com/Vortex-Optics-Diamondback-Prism-Binoculars/dp/B0192GJLMU/ref=sr_1_4?s=sporting-goods&ie=UTF8&qid=1518025476&sr=1-4&keywords=vortex%2Bbinoculars&th=1&psc=1#customerReviews"
109,"Vortex Optics VIPER® PST GEN II RIFLESCOPE","This updated favorite hands an unfair advantage to shooters who seek to keep the upper hand in every situation from close quarters to long-range shots. The illumination dial is cleanly integrated into the side focus adjustment knob for easy access and streamlined performance. The glass-etched reticle offers shooters highly functional, intuitive, and detailed hold points, yet remains uncluttered for optimal viewing and features 10 intensity levels with off positions between each setting.","optics",10,"https://www.brownells.com/optics-mounting/scopes/rifle-scopes/viper-pst-gen-ii-5-25x50mm-ffp-ebr-2c-moa-reticle-prod98282.aspx?avs%7cManufacturer_1=VORTEX%2bOPTICS",NULL,"http://www.vortexoptics.com/uploads/rfl_pst-2_5-25x50_mrad_fr.jpg","http://www.cabelas.com/catalog/product.jsp?productId=2503457&destination=%2Fcatalog%2Fproduct_legacy.jsp%3FproductId%3D2503457%26type%3Dproduct%26Ntk%3DAllProducts%26searchPath%3D%252Fcatalog%252Fsearch.cmd%253Fform_state%253DsearchForm%2526N%253D0%2526fs"
110,"Vortex Strikefire II Red/Green Dot with Mount","When situations demand split-second target acquisition and maximum field of view, mount up the STRIKEFIRE II and shoot-both eyes open. Feature-rich, versatile and reliable, the STRIKEFIRE II is a great choice for shooters who want a quality red dot sight, but don't want to break the bank. Features sleek rear-facing controls for power on/off and easy adjustment of ten dot intensity levels, lowest two settings are night-vision compatible. Automatically returns to the last dot intensity used when powered up. The 30mm aluminum alloy chassis provides extra-high recoil rating and is waterproof and fog proof. Strike fast! INCLUDE VORTEX OPTICS LENS PEN.","optics",9,"https://www.amazon.com/Vortex-Optics-StrikeFire-Cantilever-SF-RG-501/dp/B010OT8WAQ/ref=sr_1_9?s=sporting-goods&ie=UTF8&qid=1518039854&sr=1-9&keywords=vortex+strike",NULL,"https://images-na.ssl-images-amazon.com/images/I/81Y7FjfS9EL._SL1500_.jpg","https://www.amazon.com/Vortex-Optics-StrikeFire-Cantilever-SF-RG-501/dp/B010OT8WAQ/ref=sr_1_9?s=sporting-goods&ie=UTF8&qid=1518039854&sr=1-9&keywords=vortex+strike#customerReviews"
